time (s);air mass flow  rate (kg/s);fuel mass flow  rate (kg/s);inlet air velocity (m/s) x;y;z;inlet fuel velocity (m/s) x;y;z;pressure
0.0;0;0;0.0;0.0;0.0;0;0.0;0.0;111000.0
3.003003003003003e-05;0;0;0.0;0.0;0.0;0;0.0;0.0;111000.0
6.006006006006006e-05;0;0;0.0;0.0;0.0;0;0.0;0.0;111000.0
9.009009009009009e-05;0;0;0.0;0.0;0.0;0;0.0;0.0;111000.0
0.00012012012012012012;0;0;0.0;0.0;0.0;0;0.0;0.0;111000.0
0.00015015015015015014;0;0;0.0;0.0;0.0;0;0.0;0.0;111000.0
0.00018018018018018018;0;0;0.0;0.0;0.0;0;0.0;0.0;111000.0
0.0002102102102102102;0;0;0.0;0.0;0.0;0;0.0;0.0;111000.0
0.00024024024024024023;0;0;0.0;0.0;0.0;0;0.0;0.0;111000.0
0.0002702702702702703;0;0;0.0;0.0;0.0;0;0.0;0.0;111000.0
0.0003003003003003003;0;0;0.0;0.0;0.0;0;0.0;0.0;111000.0
0.0003303303303303303;0;0;0.0;0.0;0.0;0;0.0;0.0;111000.0
0.00036036036036036037;0;0;0.0;0.0;0.0;0;0.0;0.0;111000.0
0.0003903903903903904;0;0;0.0;0.0;0.0;0;0.0;0.0;111000.0
0.0004204204204204204;0;0;0.0;0.0;0.0;0;0.0;0.0;111000.0
0.00045045045045045046;0;0;0.0;0.0;0.0;0;0.0;0.0;111000.0
0.00048048048048048047;0;0;0.0;0.0;0.0;0;0.0;0.0;111000.0
0.0005105105105105105;0;0;0.0;0.0;0.0;0;0.0;0.0;111000.0
0.0005405405405405405;0;0;0.0;0.0;0.0;0;0.0;0.0;111000.0
0.0005705705705705706;0;0;0.0;0.0;0.0;0;0.0;0.0;111000.0
0.0006006006006006006;0;0;0.0;0.0;0.0;0;0.0;0.0;111000.0
0.0006306306306306306;0;0;0.0;0.0;0.0;0;0.0;0.0;111000.0
0.0006606606606606606;0;0;0.0;0.0;0.0;0;0.0;0.0;111000.0
0.0006906906906906907;0;0;0.0;0.0;0.0;0;0.0;0.0;111000.0
0.0007207207207207207;0;0;0.0;0.0;0.0;0;0.0;0.0;111000.0
0.0007507507507507507;0;0;0.0;0.0;0.0;0;0.0;0.0;111000.0
0.0007807807807807808;0;0;0.0;0.0;0.0;0;0.0;0.0;111000.0
0.0008108108108108108;0;0;0.0;0.0;0.0;0;0.0;0.0;111000.0
0.0008408408408408408;0;0;0.0;0.0;0.0;0;0.0;0.0;111000.0
0.0008708708708708709;0;0;0.0;0.0;0.0;0;0.0;0.0;111000.0
0.0009009009009009009;0;0;0.0;0.0;0.0;0;0.0;0.0;111000.0
0.0009309309309309309;0;0;0.0;0.0;0.0;0;0.0;0.0;111000.0
0.0009609609609609609;0;0;0.0;0.0;0.0;0;0.0;0.0;111000.0
0.000990990990990991;0;0;0.0;0.0;0.0;0;0.0;0.0;111000.0
0.001021021021021021;0;0;0.0;0.0;0.0;0;0.0;0.0;111000.0
0.001051051051051051;0;0;0.0;0.0;0.0;0;0.0;0.0;111000.0
0.001081081081081081;0;0;0.0;0.0;0.0;0;0.0;0.0;111000.0
0.0011111111111111111;0;0;0.0;0.0;0.0;0;0.0;0.0;111000.0
0.0011411411411411411;0;0;0.0;0.0;0.0;0;0.0;0.0;111000.0
0.0011711711711711711;0;0;0.0;0.0;0.0;0;0.0;0.0;111000.0
0.0012012012012012011;0;0;0.0;0.0;0.0;0;0.0;0.0;111000.0
0.0012312312312312312;0;0;0.0;0.0;0.0;0;0.0;0.0;111000.0
0.0012612612612612612;0;0;0.0;0.0;0.0;0;0.0;0.0;111000.0
0.0012912912912912912;0;0;0.0;0.0;0.0;0;0.0;0.0;111000.0
0.0013213213213213212;0;0;0.0;0.0;0.0;0;0.0;0.0;111000.0
0.0013513513513513514;0;0;0.0;0.0;0.0;0;0.0;0.0;111000.0
0.0013813813813813814;0;0;0.0;0.0;0.0;0;0.0;0.0;111000.0
0.0014114114114114115;0;0;0.0;0.0;0.0;0;0.0;0.0;111000.0
0.0014414414414414415;0;0;0.0;0.0;0.0;0;0.0;0.0;111000.0
0.0014714714714714715;0;0;0.0;0.0;0.0;0;0.0;0.0;111000.0
0.0015015015015015015;0;0;0.0;0.0;0.0;0;0.0;0.0;111000.0
0.0015315315315315315;0;0;0.0;0.0;0.0;0;0.0;0.0;111000.0
0.0015615615615615615;0;0;0.0;0.0;0.0;0;0.0;0.0;111000.0
0.0015915915915915915;0;0;0.0;0.0;0.0;0;0.0;0.0;111000.0
0.0016216216216216215;0;0;0.0;0.0;0.0;0;0.0;0.0;111000.0
0.0016516516516516516;0;0;0.0;0.0;0.0;0;0.0;0.0;111000.0
0.0016816816816816816;0;0;0.0;0.0;0.0;0;0.0;0.0;111000.0
0.0017117117117117116;0;0;0.0;0.0;0.0;0;0.0;0.0;111000.0
0.0017417417417417418;0;0;0.0;0.0;0.0;0;0.0;0.0;111000.0
0.0017717717717717718;0;0;0.0;0.0;0.0;0;0.0;0.0;111000.0
0.0018018018018018018;0;0;0.0;0.0;0.0;0;0.0;0.0;111000.0
0.0018318318318318318;0;0;0.0;0.0;0.0;0;0.0;0.0;111000.0
0.0018618618618618619;0;0;0.0;0.0;0.0;0;0.0;0.0;111000.0
0.0018918918918918919;0;0;0.0;0.0;0.0;0;0.0;0.0;111000.0
0.0019219219219219219;0;0;0.0;0.0;0.0;0;0.0;0.0;111000.0
0.001951951951951952;0;0;0.0;0.0;0.0;0;0.0;0.0;111000.0
0.001981981981981982;0;0;0.0;0.0;0.0;0;0.0;0.0;111000.0
0.002012012012012012;0;0;0.0;0.0;0.0;0;0.0;0.0;111000.0
0.002042042042042042;0;0;0.0;0.0;0.0;0;0.0;0.0;111000.0
0.002072072072072072;0;0;0.0;0.0;0.0;0;0.0;0.0;111000.0
0.002102102102102102;0;0;0.0;0.0;0.0;0;0.0;0.0;111000.0
0.002132132132132132;0;0;0.0;0.0;0.0;0;0.0;0.0;111000.0
0.002162162162162162;0;0;0.0;0.0;0.0;0;0.0;0.0;111000.0
0.002192192192192192;0;0;0.0;0.0;0.0;0;0.0;0.0;111000.0
0.0022222222222222222;0;0;0.0;0.0;0.0;0;0.0;0.0;111000.0
0.0022522522522522522;0;0;0.0;0.0;0.0;0;0.0;0.0;111000.0
0.0022822822822822822;0;0;0.0;0.0;0.0;0;0.0;0.0;111000.0
0.0023123123123123123;0;0;0.0;0.0;0.0;0;0.0;0.0;111000.0
0.0023423423423423423;0;0;0.0;0.0;0.0;0;0.0;0.0;111000.0
0.0023723723723723723;0;0;0.0;0.0;0.0;0;0.0;0.0;111000.0
0.0024024024024024023;0;0;0.0;0.0;0.0;0;0.0;0.0;111000.0
0.0024324324324324323;0;0;0.0;0.0;0.0;0;0.0;0.0;111000.0
0.0024624624624624623;0;0;0.0;0.0;0.0;0;0.0;0.0;111000.0
0.0024924924924924923;0;0;0.0;0.0;0.0;0;0.0;0.0;111000.0
0.0025225225225225223;0;0;0.0;0.0;0.0;0;0.0;0.0;111000.0
0.0025525525525525524;0;0;0.0;0.0;0.0;0;0.0;0.0;111000.0
0.0025825825825825824;0;0;0.0;0.0;0.0;0;0.0;0.0;111000.0
0.0026126126126126124;0;0;0.0;0.0;0.0;0;0.0;0.0;111000.0
0.0026426426426426424;0;0;0.0;0.0;0.0;0;0.0;0.0;111000.0
0.0026726726726726724;0;0;0.0;0.0;0.0;0;0.0;0.0;111000.0
0.002702702702702703;0;0;0.0;0.0;0.0;0;0.0;0.0;111000.0
0.002732732732732733;0;0;0.0;0.0;0.0;0;0.0;0.0;111000.0
0.002762762762762763;0;0;0.0;0.0;0.0;0;0.0;0.0;111000.0
0.002792792792792793;0;0;0.0;0.0;0.0;0;0.0;0.0;111000.0
0.002822822822822823;0;0;0.0;0.0;0.0;0;0.0;0.0;111000.0
0.002852852852852853;0;0;0.0;0.0;0.0;0;0.0;0.0;111000.0
0.002882882882882883;0;0;0.0;0.0;0.0;0;0.0;0.0;111000.0
0.002912912912912913;0;0;0.0;0.0;0.0;0;0.0;0.0;111000.0
0.002942942942942943;0;0;0.0;0.0;0.0;0;0.0;0.0;111000.0
0.002972972972972973;0;0;0.0;0.0;0.0;0;0.0;0.0;111000.0
0.003003003003003003;0;0;0.0;0.0;0.0;0;0.0;0.0;111000.0
0.003033033033033033;0;0;0.0;0.0;0.0;0;0.0;0.0;111000.0
0.003063063063063063;0;0;0.0;0.0;0.0;0;0.0;0.0;111000.0
0.003093093093093093;0;0;0.0;0.0;0.0;0;0.0;0.0;111000.0
0.003123123123123123;0;0;0.0;0.0;0.0;0;0.0;0.0;111000.0
0.003153153153153153;0;0;0.0;0.0;0.0;0;0.0;0.0;111000.0
0.003183183183183183;0;0;0.0;0.0;0.0;0;0.0;0.0;111000.0
0.003213213213213213;0;0;0.0;0.0;0.0;0;0.0;0.0;111000.0
0.003243243243243243;0;0;0.0;0.0;0.0;0;0.0;0.0;111000.0
0.003273273273273273;0;0;0.0;0.0;0.0;0;0.0;0.0;111000.0
0.003303303303303303;0;0;0.0;0.0;0.0;0;0.0;0.0;111000.0
0.003333333333333333;0;0;0.0;0.0;0.0;0;0.0;0.0;111000.0
0.003363363363363363;0;0;0.0;0.0;0.0;0;0.0;0.0;111000.0
0.003393393393393393;0;0;0.0;0.0;0.0;0;0.0;0.0;111000.0
0.003423423423423423;0;0;0.0;0.0;0.0;0;0.0;0.0;111000.0
0.003453453453453453;0;0;0.0;0.0;0.0;0;0.0;0.0;111000.0
0.0034834834834834836;0;0;0.0;0.0;0.0;0;0.0;0.0;111000.0
0.0035135135135135136;0;0;0.0;0.0;0.0;0;0.0;0.0;111000.0
0.0035435435435435436;0;0;0.0;0.0;0.0;0;0.0;0.0;111000.0
0.0035735735735735736;0;0;0.0;0.0;0.0;0;0.0;0.0;111000.0
0.0036036036036036037;0;0;0.0;0.0;0.0;0;0.0;0.0;111000.0
0.0036336336336336337;0;0;0.0;0.0;0.0;0;0.0;0.0;111000.0
0.0036636636636636637;0;0;0.0;0.0;0.0;0;0.0;0.0;111000.0
0.0036936936936936937;0;0;0.0;0.0;0.0;0;0.0;0.0;111000.0
0.0037237237237237237;0;0;0.0;0.0;0.0;0;0.0;0.0;111000.0
0.0037537537537537537;0;0;0.0;0.0;0.0;0;0.0;0.0;111000.0
0.0037837837837837837;0;0;0.0;0.0;0.0;0;0.0;0.0;111000.0
0.0038138138138138137;0;0;0.0;0.0;0.0;0;0.0;0.0;111000.0
0.0038438438438438438;0;0;0.0;0.0;0.0;0;0.0;0.0;111000.0
0.0038738738738738738;0;0;0.0;0.0;0.0;0;0.0;0.0;111000.0
0.003903903903903904;0;0;0.0;0.0;0.0;0;0.0;0.0;111000.0
0.003933933933933934;0;0;0.0;0.0;0.0;0;0.0;0.0;111000.0
0.003963963963963964;0;0;0.0;0.0;0.0;0;0.0;0.0;111000.0
0.003993993993993994;0;0;0.0;0.0;0.0;0;0.0;0.0;111000.0
0.004024024024024024;0;0;0.0;0.0;0.0;0;0.0;0.0;111000.0
0.004054054054054054;0;0;0.0;0.0;0.0;0;0.0;0.0;111000.0
0.004084084084084084;0;0;0.0;0.0;0.0;0;0.0;0.0;111000.0
0.004114114114114114;0;0;0.0;0.0;0.0;0;0.0;0.0;111000.0
0.004144144144144144;0;0;0.0;0.0;0.0;0;0.0;0.0;111000.0
0.004174174174174174;0;0;0.0;0.0;0.0;0;0.0;0.0;111000.0
0.004204204204204204;0;0;0.0;0.0;0.0;0;0.0;0.0;111000.0
0.004234234234234234;0;0;0.0;0.0;0.0;0;0.0;0.0;111000.0
0.004264264264264264;0;0;0.0;0.0;0.0;0;0.0;0.0;111000.0
0.004294294294294294;0;0;0.0;0.0;0.0;0;0.0;0.0;111000.0
0.004324324324324324;0;0;0.0;0.0;0.0;0;0.0;0.0;111000.0
0.004354354354354354;0;0;0.0;0.0;0.0;0;0.0;0.0;111000.0
0.004384384384384384;0;0;0.0;0.0;0.0;0;0.0;0.0;111000.0
0.004414414414414414;0;0;0.0;0.0;0.0;0;0.0;0.0;111000.0
0.0044444444444444444;0;0;0.0;0.0;0.0;0;0.0;0.0;111000.0
0.0044744744744744745;0;0;0.0;0.0;0.0;0;0.0;0.0;111000.0
0.0045045045045045045;0;0;0.0;0.0;0.0;0;0.0;0.0;111000.0
0.0045345345345345345;0;0;0.0;0.0;0.0;0;0.0;0.0;111000.0
0.0045645645645645645;0;0;0.0;0.0;0.0;0;0.0;0.0;111000.0
0.0045945945945945945;0;0;0.0;0.0;0.0;0;0.0;0.0;111000.0
0.0046246246246246245;0;0;0.0;0.0;0.0;0;0.0;0.0;111000.0
0.0046546546546546545;0;0;0.0;0.0;0.0;0;0.0;0.0;111000.0
0.0046846846846846845;0;0;0.0;0.0;0.0;0;0.0;0.0;111000.0
0.0047147147147147146;0;0;0.0;0.0;0.0;0;0.0;0.0;111000.0
0.0047447447447447446;0;0;0.0;0.0;0.0;0;0.0;0.0;111000.0
0.004774774774774775;0;0;0.0;0.0;0.0;0;0.0;0.0;111000.0
0.004804804804804805;0;0;0.0;0.0;0.0;0;0.0;0.0;111000.0
0.004834834834834835;0;0;0.0;0.0;0.0;0;0.0;0.0;111000.0
0.004864864864864865;0;0;0.0;0.0;0.0;0;0.0;0.0;111000.0
0.004894894894894895;0;0;0.0;0.0;0.0;0;0.0;0.0;111000.0
0.004924924924924925;0;0;0.0;0.0;0.0;0;0.0;0.0;111000.0
0.004954954954954955;0;0;0.0;0.0;0.0;0;0.0;0.0;111000.0
0.004984984984984985;0;0;0.0;0.0;0.0;0;0.0;0.0;111000.0
0.005015015015015015;0;0;0.0;0.0;0.0;0;0.0;0.0;111000.0
0.005045045045045045;0;0;0.0;0.0;0.0;0;0.0;0.0;111000.0
0.005075075075075075;0;0;0.0;0.0;0.0;0;0.0;0.0;111000.0
0.005105105105105105;0;0;0.0;0.0;0.0;0;0.0;0.0;111000.0
0.005135135135135135;0;0;0.0;0.0;0.0;0;0.0;0.0;111000.0
0.005165165165165165;0;0;0.0;0.0;0.0;0;0.0;0.0;111000.0
0.005195195195195195;0;0;0.0;0.0;0.0;0;0.0;0.0;111000.0
0.005225225225225225;0;0;0.0;0.0;0.0;0;0.0;0.0;111000.0
0.005255255255255255;0;0;0.0;0.0;0.0;0;0.0;0.0;111000.0
0.005285285285285285;0;0;0.0;0.0;0.0;0;0.0;0.0;111000.0
0.005315315315315315;0;0;0.0;0.0;0.0;0;0.0;0.0;111000.0
0.005345345345345345;0;0;0.0;0.0;0.0;0;0.0;0.0;111000.0
0.005375375375375375;0;0;0.0;0.0;0.0;0;0.0;0.0;111000.0
0.005405405405405406;0;0;0.0;0.0;0.0;0;0.0;0.0;111000.0
0.005435435435435436;0;0;0.0;0.0;0.0;0;0.0;0.0;111000.0
0.005465465465465466;0;0;0.0;0.0;0.0;0;0.0;0.0;111000.0
0.005495495495495496;0;0;0.0;0.0;0.0;0;0.0;0.0;111000.0
0.005525525525525526;0;0;0.0;0.0;0.0;0;0.0;0.0;111000.0
0.005555555555555556;0;0;0.0;0.0;0.0;0;0.0;0.0;111000.0
0.005585585585585586;0;0;0.0;0.0;0.0;0;0.0;0.0;111000.0
0.005615615615615616;0;0;0.0;0.0;0.0;0;0.0;0.0;111000.0
0.005645645645645646;0;0;0.0;0.0;0.0;0;0.0;0.0;111000.0
0.005675675675675676;0;0;0.0;0.0;0.0;0;0.0;0.0;111000.0
0.005705705705705706;0;0;0.0;0.0;0.0;0;0.0;0.0;111000.0
0.005735735735735736;0;0;0.0;0.0;0.0;0;0.0;0.0;111000.0
0.005765765765765766;0;0;0.0;0.0;0.0;0;0.0;0.0;111000.0
0.005795795795795796;0;0;0.0;0.0;0.0;0;0.0;0.0;111000.0
0.005825825825825826;0;0;0.0;0.0;0.0;0;0.0;0.0;111000.0
0.005855855855855856;0;0;0.0;0.0;0.0;0;0.0;0.0;111000.0
0.005885885885885886;0;0;0.0;0.0;0.0;0;0.0;0.0;111000.0
0.005915915915915916;0;0;0.0;0.0;0.0;0;0.0;0.0;111000.0
0.005945945945945946;0;0;0.0;0.0;0.0;0;0.0;0.0;111000.0
0.005975975975975976;0;0;0.0;0.0;0.0;0;0.0;0.0;111000.0
0.006006006006006006;0;0;0.0;0.0;0.0;0;0.0;0.0;111000.0
0.006036036036036036;0;0;0.0;0.0;0.0;0;0.0;0.0;111000.0
0.006066066066066066;0;0;0.0;0.0;0.0;0;0.0;0.0;111000.0
0.006096096096096096;0;0;0.0;0.0;0.0;0;0.0;0.0;111000.0
0.006126126126126126;0;0;0.0;0.0;0.0;0;0.0;0.0;111000.0
0.006156156156156156;0;0;0.0;0.0;0.0;0;0.0;0.0;111000.0
0.006186186186186186;0;0;0.0;0.0;0.0;0;0.0;0.0;111000.0
0.006216216216216216;0;0;0.0;0.0;0.0;0;0.0;0.0;111000.0
0.006246246246246246;0;0;0.0;0.0;0.0;0;0.0;0.0;111000.0
0.006276276276276276;0;0;0.0;0.0;0.0;0;0.0;0.0;111000.0
0.006306306306306306;0;0;0.0;0.0;0.0;0;0.0;0.0;111000.0
0.006336336336336336;0;0;0.0;0.0;0.0;0;0.0;0.0;111000.0
0.006366366366366366;0;0;0.0;0.0;0.0;0;0.0;0.0;111000.0
0.006396396396396396;0;0;0.0;0.0;0.0;0;0.0;0.0;111000.0
0.006426426426426426;0;0;0.0;0.0;0.0;0;0.0;0.0;111000.0
0.006456456456456456;0;0;0.0;0.0;0.0;0;0.0;0.0;111000.0
0.006486486486486486;0;0;0.0;0.0;0.0;0;0.0;0.0;111000.0
0.006516516516516516;0;0;0.0;0.0;0.0;0;0.0;0.0;111000.0
0.006546546546546546;0;0;0.0;0.0;0.0;0;0.0;0.0;111000.0
0.006576576576576576;0;0;0.0;0.0;0.0;0;0.0;0.0;111000.0
0.006606606606606606;0;0;0.0;0.0;0.0;0;0.0;0.0;111000.0
0.006636636636636636;0;0;0.0;0.0;0.0;0;0.0;0.0;111000.0
0.006666666666666666;0;0;0.0;0.0;0.0;0;0.0;0.0;111000.0
0.006696696696696696;0;0;0.0;0.0;0.0;0;0.0;0.0;111000.0
0.006726726726726726;0;0;0.0;0.0;0.0;0;0.0;0.0;111000.0
0.006756756756756756;0;0;0.0;0.0;0.0;0;0.0;0.0;111000.0
0.006786786786786786;0;0;0.0;0.0;0.0;0;0.0;0.0;111000.0
0.006816816816816816;0;0;0.0;0.0;0.0;0;0.0;0.0;111000.0
0.006846846846846846;0;0;0.0;0.0;0.0;0;0.0;0.0;111000.0
0.006876876876876876;0;0;0.0;0.0;0.0;0;0.0;0.0;111000.0
0.006906906906906906;0;0;0.0;0.0;0.0;0;0.0;0.0;111000.0
0.006936936936936937;0;0;0.0;0.0;0.0;0;0.0;0.0;111000.0
0.006966966966966967;0;0;0.0;0.0;0.0;0;0.0;0.0;111000.0
0.006996996996996997;0;0;0.0;0.0;0.0;0;0.0;0.0;111000.0
0.007027027027027027;0;0;0.0;0.0;0.0;0;0.0;0.0;111000.0
0.007057057057057057;0;0;0.0;0.0;0.0;0;0.0;0.0;111000.0
0.007087087087087087;0;0;0.0;0.0;0.0;0;0.0;0.0;111000.0
0.007117117117117117;0;0;0.0;0.0;0.0;0;0.0;0.0;111000.0
0.007147147147147147;0;0;0.0;0.0;0.0;0;0.0;0.0;111000.0
0.007177177177177177;0;0;0.0;0.0;0.0;0;0.0;0.0;111000.0
0.007207207207207207;0;0;0.0;0.0;0.0;0;0.0;0.0;111000.0
0.007237237237237237;0;0;0.0;0.0;0.0;0;0.0;0.0;111000.0
0.007267267267267267;0;0;0.0;0.0;0.0;0;0.0;0.0;111000.0
0.007297297297297297;0;0;0.0;0.0;0.0;0;0.0;0.0;111000.0
0.007327327327327327;0;0;0.0;0.0;0.0;0;0.0;0.0;111000.0
0.007357357357357357;0;0;0.0;0.0;0.0;0;0.0;0.0;111000.0
0.007387387387387387;0;0;0.0;0.0;0.0;0;0.0;0.0;111000.0
0.007417417417417417;0;0;0.0;0.0;0.0;0;0.0;0.0;111000.0
0.007447447447447447;0;0;0.0;0.0;0.0;0;0.0;0.0;111000.0
0.007477477477477477;0;0;0.0;0.0;0.0;0;0.0;0.0;111000.0
0.0075075075075075074;0;0;0.0;0.0;0.0;0;0.0;0.0;111000.0
0.0075375375375375375;0;0;0.0;0.0;0.0;0;0.0;0.0;111000.0
0.0075675675675675675;0;0;0.0;0.0;0.0;0;0.0;0.0;111000.0
0.0075975975975975975;0;0;0.0;0.0;0.0;0;0.0;0.0;111000.0
0.0076276276276276275;0;0;0.0;0.0;0.0;0;0.0;0.0;111000.0
0.0076576576576576575;0;0;0.0;0.0;0.0;0;0.0;0.0;111000.0
0.0076876876876876875;0;0;0.0;0.0;0.0;0;0.0;0.0;111000.0
0.0077177177177177175;0;0;0.0;0.0;0.0;0;0.0;0.0;111000.0
0.0077477477477477475;0;0;0.0;0.0;0.0;0;0.0;0.0;111000.0
0.0077777777777777776;0;0;0.0;0.0;0.0;0;0.0;0.0;111000.0
0.007807807807807808;0;0;0.0;0.0;0.0;0;0.0;0.0;111000.0
0.007837837837837838;0;0;0.0;0.0;0.0;0;0.0;0.0;111000.0
0.007867867867867868;0;0;0.0;0.0;0.0;0;0.0;0.0;111000.0
0.007897897897897898;0;0;0.0;0.0;0.0;0;0.0;0.0;111000.0
0.007927927927927928;0;0;0.0;0.0;0.0;0;0.0;0.0;111000.0
0.007957957957957958;0;0;0.0;0.0;0.0;0;0.0;0.0;111000.0
0.007987987987987989;0;0;0.0;0.0;0.0;0;0.0;0.0;111000.0
0.008018018018018018;0;0;0.0;0.0;0.0;0;0.0;0.0;111000.0
0.008048048048048049;0;0;0.0;0.0;0.0;0;0.0;0.0;111000.0
0.008078078078078078;0;0;0.0;0.0;0.0;0;0.0;0.0;111000.0
0.008108108108108109;0;0;0.0;0.0;0.0;0;0.0;0.0;111000.0
0.008138138138138138;0;0;0.0;0.0;0.0;0;0.0;0.0;111000.0
0.008168168168168169;0;0;0.0;0.0;0.0;0;0.0;0.0;111000.0
0.008198198198198198;0;0;0.0;0.0;0.0;0;0.0;0.0;111000.0
0.008228228228228229;0;0;0.0;0.0;0.0;0;0.0;0.0;111000.0
0.008258258258258258;0;0;0.0;0.0;0.0;0;0.0;0.0;111000.0
0.008288288288288289;0;0;0.0;0.0;0.0;0;0.0;0.0;111000.0
0.008318318318318318;0;0;0.0;0.0;0.0;0;0.0;0.0;111000.0
0.008348348348348349;0;0;0.0;0.0;0.0;0;0.0;0.0;111000.0
0.008378378378378378;0;0;0.0;0.0;0.0;0;0.0;0.0;111000.0
0.008408408408408409;0;0;0.0;0.0;0.0;0;0.0;0.0;111000.0
0.008438438438438438;0;0;0.0;0.0;0.0;0;0.0;0.0;111000.0
0.008468468468468469;0;0;0.0;0.0;0.0;0;0.0;0.0;111000.0
0.008498498498498498;0;0;0.0;0.0;0.0;0;0.0;0.0;111000.0
0.008528528528528529;0;0;0.0;0.0;0.0;0;0.0;0.0;111000.0
0.008558558558558558;0;0;0.0;0.0;0.0;0;0.0;0.0;111000.0
0.008588588588588589;0;0;0.0;0.0;0.0;0;0.0;0.0;111000.0
0.008618618618618618;0;0;0.0;0.0;0.0;0;0.0;0.0;111000.0
0.008648648648648649;0;0;0.0;0.0;0.0;0;0.0;0.0;111000.0
0.008678678678678678;0;0;0.0;0.0;0.0;0;0.0;0.0;111000.0
0.008708708708708709;0;0;0.0;0.0;0.0;0;0.0;0.0;111000.0
0.008738738738738738;0;0;0.0;0.0;0.0;0;0.0;0.0;111000.0
0.008768768768768769;0;0;0.0;0.0;0.0;0;0.0;0.0;111000.0
0.008798798798798798;0;0;0.0;0.0;0.0;0;0.0;0.0;111000.0
0.008828828828828829;0;0;0.0;0.0;0.0;0;0.0;0.0;111000.0
0.008858858858858858;0;0;0.0;0.0;0.0;0;0.0;0.0;111000.0
0.008888888888888889;0;0;0.0;0.0;0.0;0;0.0;0.0;111000.0
0.008918918918918918;0;0;0.0;0.0;0.0;0;0.0;0.0;111000.0
0.008948948948948949;0;0;0.0;0.0;0.0;0;0.0;0.0;111000.0
0.008978978978978978;0;0;0.0;0.0;0.0;0;0.0;0.0;111000.0
0.009009009009009009;0;0;0.0;0.0;0.0;0;0.0;0.0;111000.0
0.009039039039039038;0;0;0.0;0.0;0.0;0;0.0;0.0;111000.0
0.009069069069069069;0;0;0.0;0.0;0.0;0;0.0;0.0;111000.0
0.009099099099099098;0;0;0.0;0.0;0.0;0;0.0;0.0;111000.0
0.009129129129129129;0;0;0.0;0.0;0.0;0;0.0;0.0;111000.0
0.009159159159159158;0;0;0.0;0.0;0.0;0;0.0;0.0;111000.0
0.009189189189189189;0;0;0.0;0.0;0.0;0;0.0;0.0;111000.0
0.009219219219219218;0;0;0.0;0.0;0.0;0;0.0;0.0;111000.0
0.009249249249249249;0;0;0.0;0.0;0.0;0;0.0;0.0;111000.0
0.00927927927927928;0;0;0.0;0.0;0.0;0;0.0;0.0;111000.0
0.009309309309309309;0;0;0.0;0.0;0.0;0;0.0;0.0;111000.0
0.00933933933933934;0;0;0.0;0.0;0.0;0;0.0;0.0;111000.0
0.009369369369369369;0;0;0.0;0.0;0.0;0;0.0;0.0;111000.0
0.0093993993993994;0;0;0.0;0.0;0.0;0;0.0;0.0;111000.0
0.009429429429429429;0;0;0.0;0.0;0.0;0;0.0;0.0;111000.0
0.00945945945945946;0;0;0.0;0.0;0.0;0;0.0;0.0;111000.0
0.009489489489489489;0;0;0.0;0.0;0.0;0;0.0;0.0;111000.0
0.00951951951951952;0;0;0.0;0.0;0.0;0;0.0;0.0;111000.0
0.00954954954954955;0;0;0.0;0.0;0.0;0;0.0;0.0;111000.0
0.00957957957957958;0;0;0.0;0.0;0.0;0;0.0;0.0;111000.0
0.00960960960960961;0;0;0.0;0.0;0.0;0;0.0;0.0;111000.0
0.00963963963963964;0;0;0.0;0.0;0.0;0;0.0;0.0;111000.0
0.00966966966966967;0;0;0.0;0.0;0.0;0;0.0;0.0;111000.0
0.0096996996996997;0;0;0.0;0.0;0.0;0;0.0;0.0;111000.0
0.00972972972972973;0;0;0.0;0.0;0.0;0;0.0;0.0;111000.0
0.00975975975975976;0;0;0.0;0.0;0.0;0;0.0;0.0;111000.0
0.00978978978978979;0;0;0.0;0.0;0.0;0;0.0;0.0;111000.0
0.00981981981981982;0;0;0.0;0.0;0.0;0;0.0;0.0;111000.0
0.00984984984984985;0;0;0.0;0.0;0.0;0;0.0;0.0;111000.0
0.00987987987987988;0;0;0.0;0.0;0.0;0;0.0;0.0;111000.0
0.00990990990990991;0;0;0.0;0.0;0.0;0;0.0;0.0;111000.0
0.00993993993993994;0;0;0.0;0.0;0.0;0;0.0;0.0;111000.0
0.00996996996996997;0;0;0.0;0.0;0.0;0;0.0;0.0;111000.0
0.01;0;0;0.0;0.0;0.0;0;0.0;0.0;111000.0
0.01003003003003003;6.666936314344467e-268;0.0;6.76810289833374e-264;0.0;0.0;-0.0;0.0;0.0;111000.0
0.01006006006006006;3.9461537742580514e-134;0.0;4.006034186851631e-130;0.0;0.0;-0.0;0.0;0.0;111000.0
0.01009009009009009;1.5347791137469514e-89;0.0;1.558068425777995e-85;0.0;0.0;-0.0;0.0;0.0;111000.0
0.01012012012012012;3.022183312321354e-67;0.0;3.06804305171006e-63;0.0;0.0;-0.0;0.0;0.0;111000.0
0.01015015015015015;7.183804877874246e-54;0.0;7.292814618671729e-50;0.0;0.0;-0.0;0.0;0.0;111000.0
0.01018018018018018;5.932880796961752e-45;0.0;6.022908548112274e-41;0.0;0.0;-0.0;0.0;0.0;111000.0
0.01021021021021021;1.3870907912498697e-38;0.0;1.4081390254638072e-34;0.0;0.0;-0.0;0.0;0.0;111000.0
0.01024024024024024;8.287007144866529e-34;0.0;8.412757289282492e-30;0.0;0.0;-0.0;0.0;0.0;111000.0
0.01027027027027027;4.2952804301091176e-30;0.0;4.3604586210954586e-26;0.0;0.0;-0.0;0.0;0.0;111000.0
0.0103003003003003;4.0215619581869136e-27;0.0;4.082586642753889e-23;0.0;0.0;-0.0;0.0;0.0;111000.0
0.01033033033033033;1.084662482729375e-24;0.0;1.1011215567305708e-20;0.0;0.0;-0.0;0.0;0.0;111000.0
0.01036036036036036;1.1503125739935802e-22;0.0;1.1677678470221304e-18;0.0;0.0;-0.0;0.0;0.0;111000.0
0.01039039039039039;5.949855598622923e-21;0.0;6.040140931759681e-17;0.0;0.0;-0.0;0.0;0.0;111000.0
0.01042042042042042;1.750597189765889e-19;0.0;1.7771614059634828e-15;0.0;0.0;-0.0;0.0;0.0;111000.0
0.01045045045045045;3.2798693739568854e-18;0.0;3.3296393379777406e-14;0.0;0.0;-0.0;0.0;0.0;111000.0
0.01048048048048048;4.258614593918651e-17;0.0;4.323236403799548e-13;0.0;0.0;-0.0;0.0;0.0;111000.0
0.01051051051051051;4.088135292102897e-16;0.0;4.150170185326369e-12;0.0;0.0;-0.0;0.0;0.0;111000.0
0.01054054054054054;3.051305627626866e-15;0.0;3.0976072799150505e-11;0.0;0.0;-0.0;0.0;0.0;111000.00000000007
0.01057057057057057;1.8424949739139924e-14;0.0;1.870453681443148e-10;0.0;0.0;-0.0;0.0;0.0;111000.00000000028
0.0106006006006006;9.291639639678139e-14;0.0;9.432634453140286e-10;0.0;0.0;-0.0;0.0;0.0;111000.00000000135
0.01063063063063063;4.015314401006156e-13;0.0;4.076244282804737e-09;0.0;0.0;-0.0;0.0;0.0;111000.00000000601
0.01066066066066066;1.518558972469714e-12;0.0;1.5416021540130746e-08;0.0;0.0;-0.0;0.0;0.0;111000.00000002356
0.01069069069069069;5.114252984381977e-12;0.0;5.191858571067307e-08;0.0;0.0;-0.0;0.0;0.0;111000.00000008279
0.01072072072072072;1.556201381203615e-11;0.0;1.579815762726834e-07;0.0;0.0;-0.0;0.0;0.0;111000.00000026301
0.01075075075075075;4.330817597680283e-11;0.0;4.39653504291087e-07;0.0;0.0;-0.0;0.0;0.0;111000.0000007645
0.01078078078078078;1.1137007158831672e-10;0.0;1.1306004268748947e-06;0.0;0.0;-0.0;0.0;0.0;111000.00000205412
0.010810810810810811;2.669763535863412e-10;0.0;2.7102755257264305e-06;0.0;0.0;-0.0;0.0;0.0;111000.00000514564
0.01084084084084084;6.011038519345307e-10;0.0;6.102252264518231e-06;0.0;0.0;-0.0;0.0;0.0;111000.00001210623
0.010870870870870871;1.2794248359024932e-09;0.0;1.298839306435332e-05;0.0;0.0;-0.0;0.0;0.0;111000.00002692163
0.0109009009009009;2.588864033441452e-09;0.0;2.6281484231388404e-05;0.0;0.0;-0.0;0.0;0.0;111000.00005689985
0.010930930930930931;5.004476185643131e-09;0.0;5.080415974393662e-05;0.0;0.0;-0.0;0.0;0.0;111000.00011485023
0.01096096096096096;9.281601818104023e-09;0.0;9.422444300428618e-05;0.0;0.0;-0.0;0.0;0.0;111000.0002223284
0.010990990990990991;1.657817437111346e-08;0.0;0.0001682973774170712;0.0;0.0;-0.0;0.0;0.0;111000.00041429873
0.01102102102102102;2.8611602094226483e-08;0.0;0.00029045765101151633;0.0;0.0;-0.0;0.0;0.0;111000.00074561259
0.011051051051051052;4.7853836481665365e-08;0.0;0.00048579988079713;0.0;0.0;-0.0;0.0;0.0;111000.00129974575
0.01108108108108108;7.776710412925604e-08;0.0;0.0007894717012183572;0.0;0.0;-0.0;0.0;0.0;111000.00220026566
0.011111111111111112;1.2308138844052404e-07;0.0;0.0012494906852615862;0.0;0.0;-0.0;0.0;0.0;111000.00362551156
0.01114114114114114;1.9011318930004025e-07;0.0;0.0019299803066928727;0.0;0.0;-0.0;0.0;0.0;111000.00582696572
0.011171171171171172;2.8712346016394127e-07;0.0;0.0029148036172041035;0.0;0.0;-0.0;0.0;0.0;111000.00915176999
0.0112012012012012;4.247110204969324e-07;0.0;0.004311557052586447;0.0;0.0;-0.0;0.0;0.0;111000.01406979737
0.011231231231231232;6.162362563468394e-07;0.0;0.006255871703066926;0.0;0.0;-0.0;0.0;0.0;111000.02120563012
0.01126126126126126;8.782686279079701e-07;0.0;0.008915956243824113;0.0;0.0;-0.0;0.0;0.0;111000.03137572014
0.011291291291291292;1.2310504567855771e-06;0.0;0.012497305096655949;0.0;0.0;-0.0;0.0;0.0;111000.04563091949
0.01132132132132132;1.6989687041433486e-06;0.0;0.01724748765600167;0.0;0.0;-0.0;0.0;0.0;111000.06530447424
0.011351351351351352;2.3110259913275264e-06;0.0;0.023460929737460678;0.0;0.0;-0.0;0.0;0.0;111000.09206547285
0.01138138138138138;3.1013019565112095e-06;0.0;0.031483596789944314;0.0;0.0;-0.0;0.0;0.0;111000.12797763667
0.011411411411411412;4.109396168975378e-06;0.0;0.04171748969657894;0.0;0.0;-0.0;0.0;0.0;111000.17556323987
0.01144144144144144;5.380844209620147e-06;0.0;0.05462486789758492;0.0;0.0;-0.0;0.0;0.0;111000.23787184757
0.011471471471471472;6.967499136564139e-06;0.0;0.07073212073853131;0.0;0.0;-0.0;0.0;0.0;111000.31855347173
0.0115015015015015;8.927871347424933e-06;0.0;0.09063321596486827;0.0;0.0;-0.0;0.0;0.0;111000.42193566343
0.011531531531531532;1.1327420782021121e-05;0.0;0.11499266371111376;0.0;0.0;-0.0;0.0;0.0;111000.55310398948
0.01156156156156156;1.4238796437873917e-05;0.0;0.14454794473471297;0.0;0.0;-0.0;0.0;0.0;111000.71798528431
0.011591591591591592;1.7742019255256244e-05;0.0;0.18011136260678323;0.0;0.0;-0.0;0.0;0.0;111000.92343302099
0.011621621621621621;2.192460553138295e-05;0.0;0.22257129071684673;0.0;0.0;-0.0;0.0;0.0;111001.17731411441
0.011651651651651652;2.688162911197658e-05;0.0;0.2728927959450758;0.0;0.0;-0.0;0.0;0.0;111001.4885964472
0.011681681681681681;3.271572165518996e-05;0.0;0.33211763142326833;0.0;0.0;-0.0;0.0;0.0;111001.8674364036
0.011711711711711712;3.9537011245369454e-05;0.0;0.4013636007189028;0.0;0.0;-0.0;0.0;0.0;111002.32526569748
0.011741741741741741;4.746300053513813e-05;0.0;0.4818233048611896;0.0;0.0;-0.0;0.0;0.0;111002.8748767963
0.011771771771771772;5.661838640150246e-05;0.0;0.5747622917609668;0.0;0.0;-0.0;0.0;0.0;111003.53050626518
0.011801801801801801;6.713482380721207e-05;0.0;0.681516634678649;0.0;0.0;-0.0;0.0;0.0;111004.307915387
0.011831831831831832;7.91506371585902e-05;0.0;0.8034899724288767;0.0;0.0;-0.0;0.0;0.0;111005.22446745312
0.011861861861861861;9.281048294486653e-05;0.0;0.9421500489722433;0.0;0.0;-0.0;0.0;0.0;111006.29920116275
0.011891891891891892;0.00010826496783403398;0.0;1.099024793958975;0.0;0.0;-0.0;0.0;0.0;111007.55289961875
0.011921921921921921;0.0001256702266907919;0.0;1.2756979887027151;0.0;0.0;-0.0;0.0;0.0;111009.00815445858
0.011951951951951952;0.00014518746517956549;0.0;1.4738045640403818;0.0;0.0;-0.0;0.0;0.0;111010.68942471474
0.011981981981981981;0.00016698247172717542;0.0;1.6950255776515566;0.0;0.0;-0.0;0.0;0.0;111012.62309005343
0.012012012012012012;0.00019122510365392827;0.0;1.9410829187549425;0.0;0.0;-0.0;0.0;0.0;111014.83749809749
0.012042042042042041;0.00021808875224719784;0.0;2.21373378775724;0.0;0.0;-0.0;0.0;0.0;111017.36300559482
0.012072072072072072;0.00024774979145708294;0.0;2.5147649974944595;0.0;0.0;-0.0;0.0;0.0;111020.23201324747
0.012102102102102101;0.000280387014747956;0.0;2.8459871412638913;0.0;0.0;-0.0;0.0;0.0;111023.47899407068
0.012132132132132132;0.0003161810644514901;0.0;3.209228670986483;0.0;0.0;-0.0;0.0;0.0;111027.14051520066
0.012162162162162161;0.00035531385774371254;0.0;3.606329926641691;0.0;0.0;-0.0;0.0;0.0;111031.25525311964
0.012192192192192192;0.0003979680131187736;0.0;4.0391371556607565;0.0;0.0;-0.0;0.0;0.0;111035.86400230894
0.012222222222222221;0.0004443262809618197;0.0;4.509496558313902;0.0;0.0;-0.0;0.0;0.0;111041.00967738667
0.012252252252252252;0.0004945709815394092;0.0;5.019248392350332;0.0;0.0;-0.0;0.0;0.0;111046.73730882145
0.012282282282282281;0.0005488834534333287;0.0;5.570221167296976;0.0;0.0;-0.0;0.0;0.0;111053.094032352
0.012312312312312312;0.000607443515147901;0.0;6.164225955946761;0.0;0.0;-0.0;0.0;0.0;111060.12907227143
0.012342342342342343;0.0006704289423256156;0.0;6.803050847705943;0.0;0.0;-0.0;0.0;0.0;111067.89371876593
0.012372372372372372;0.0007380149627153584;0.0;7.488455565663858;0.0;0.0;-0.0;0.0;0.0;111076.44129951988
0.012402402402402403;0.0008103737707541253;0.0;8.22216626652059;0.0;0.0;-0.0;0.0;0.0;111085.82714582265
0.012432432432432432;0.0008876740633497895;0.0;9.005870539886724;0.0;0.0;-0.0;0.0;0.0;111096.10855343028
0.012462462462462463;0.0009700805981911245;0.0;9.84121262097167;0.0;0.0;-0.0;0.0;0.0;111107.34473844912
0.012492492492492492;0.0010577537756631475;0.0;10.729788828314344;0.0;0.0;-0.0;0.0;0.0;111119.59678852293
0.012522522522522523;0.0011508492452126104;0.0;11.673143235997882;0.0;0.0;-0.0;0.0;0.0;111132.92760961226
0.012552552552552552;0.0012495175367902079;0.0;12.672763587727333;0.0;0.0;-0.0;0.0;0.0;111147.4018686629
0.012582582582582583;0.0013539037177940695;0.0;13.730077458247731;0.0;0.0;-0.0;0.0;0.0;111163.08593246464
0.012612612612612612;0.001464147075752625;0.0;14.846448665830287;0.0;0.0;-0.0;0.0;0.0;111180.04780300356
0.012642642642642643;0.0015803808268150185;0.0;16.02317393796646;0.0;0.0;-0.0;0.0;0.0;111198.35704961058
0.012672672672672672;0.001702731849962543;0.0;17.26147983096758;0.0;0.0;-0.0;0.0;0.0;111218.08473820922
0.012702702702702703;0.0018313204467158021;0.0;18.562519902878474;0.0;0.0;-0.0;0.0;0.0;111239.30335795975
0.012732732732732732;0.0019662601259879055;0.0;19.92737213795978;0.0;0.0;-0.0;0.0;0.0;111262.08674559477
0.012762762762762763;0.0021076574136245623;0.0;21.35703661998057;0.0;0.0;-0.0;0.0;0.0;111286.5100077322
0.012792792792792792;0.002255611686075342;0.0;22.852433450668386;0.0;0.0;-0.0;0.0;0.0;111312.64944144724
0.012822822822822823;0.002410215027557447;0.0;24.414400908895352;0.0;0.0;-0.0;0.0;0.0;111340.58245337503
0.012852852852852852;0.002571552110001829;0.0;26.043693845513893;0.0;0.0;-0.0;0.0;0.0;111370.38747760598
0.012882882882882883;0.002739700095012042;0.0;27.74098230819874;0.0;0.0;-0.0;0.0;0.0;111402.14389262859
0.012912912912912912;0.0029147285570163203;0.0;29.506850390179327;0.0;0.0;-0.0;0.0;0.0;111435.93193756069
0.012942942942942943;0.0030966994267544426;0.0;31.341795296370766;0.0;0.0;-0.0;0.0;0.0;111471.8326279021
0.012972972972972972;0.0032856669542096575;0.0;33.24622662009996;0.0;0.0;-0.0;0.0;0.0;111509.92767102849
0.013003003003003003;0.003481677690073886;0.0;35.22046582339197;0.0;0.0;-0.0;0.0;0.0;111550.29938163637
0.013033033033033032;0.0036847704848189493;0.0;37.26474591360304;0.0;0.0;-0.0;0.0;0.0;111593.03059733543
0.013063063063063063;0.0038949765044386307;0.0;39.37921130907207;0.0;0.0;-0.0;0.0;0.0;111638.20459457499
0.013093093093093092;0.004112319261923421;0.0;41.563917886384694;0.0;0.0;-0.0;0.0;0.0;111685.90500507788
0.013123123123123123;0.004336814663533457;0.0;43.81883320182192;0.0;0.0;-0.0;0.0;0.0;111736.21573294386
0.013153153153153152;0.004568471068942227;0.0;46.143836879565306;0.0;0.0;-0.0;0.0;0.0;111789.22087257379
0.013183183183183183;0.004807289364336292;0.0;48.53872115927705;0.0;0.0;-0.0;0.0;0.0;111845.00462755274
0.013213213213213212;0.005053263047571051;0.0;51.00319159572956;0.0;0.0;-0.0;0.0;0.0;111903.6512306213
0.013243243243243243;0.005306378324502187;0.0;53.53686790325547;0.0;0.0;-0.0;0.0;0.0;111965.24486485086
0.013273273273273272;0.005566614215632993;0.0;56.13928493788517;0.0;0.0;-0.0;0.0;0.0;112029.86958613034
0.013303303303303303;0.005833942672242393;0.0;58.80989381016809;0.0;0.0;-0.0;0.0;0.0;112097.60924705977
0.013333333333333332;0.006108328701183039;0.0;61.548063121795096;0.0;0.0;-0.0;0.0;0.0;112168.54742233694
0.013363363363363363;0.006389730497567185;0.0;64.35308031929112;0.0;0.0;-0.0;0.0;0.0;112242.76733571428
0.013393393393393392;0.006678099584584978;0.0;67.2241531581805;0.0;0.0;-0.0;0.0;0.0;112320.35178859178
0.013423423423423423;0.006973380959730522;0.0;70.16041127119172;0.0;0.0;-0.0;0.0;0.0;112401.38309030586
0.013453453453453453;0.007275513246739537;0.0;73.16090783420732;0.0;0.0;-0.0;0.0;0.0;112485.94299016337
0.013483483483483483;0.0075844288525739635;0.0;76.2246213238308;0.0;0.0;-0.0;0.0;0.0;112574.11261126248
0.013513513513513513;0.007900054128818354;0.0;79.35045736058423;0.0;0.0;-0.0;0.0;0.0;112665.97238613575
0.013543543543543543;0.008222309536884392;0.0;82.53725063191234;0.0;0.0;-0.0;0.0;0.0;112761.60199424064
0.013573573573573573;0.008551109816449135;0.0;85.78376688930557;0.0;0.0;-0.0;0.0;0.0;112861.08030132037
0.013603603603603603;0.008886364156584118;0.0;89.08870501401536;0.0;0.0;-0.0;0.0;0.0;112964.48530064641
0.013633633633633633;0.009227976369060418;0.0;92.45069914595976;0.0;0.0;-0.0;0.0;0.0;113071.89405615209
0.013663663663663663;0.009575845063345773;0.0;95.86832087057314;0.0;0.0;-0.0;0.0;0.0;113183.38264745961
0.013693693693693693;0.009929863822836654;0.0;99.34008145847191;0.0;0.0;-0.0;0.0;0.0;113299.0261167964
0.013723723723723723;0.010289921381897783;0.0;102.86443415295322;0.0;0.0;-0.0;0.0;0.0;113418.89841779483
0.013753753753753753;0.010655901803306793;0.0;106.43977650045137;0.0;0.0;-0.0;0.0;0.0;113543.0723661616
0.013783783783783784;0.011027684655730181;0.0;110.06445271921955;0.0;0.0;-0.0;0.0;0.0;113671.61959220112
0.013813813813813813;0.011405145190879996;0.0;113.73675610159844;0.0;0.0;-0.0;0.0;0.0;113804.61049517347
0.013843843843843844;0.011788154520027258;0.0;117.45493144536962;0.0;0.0;-0.0;0.0;0.0;113942.11419946185
0.013873873873873874;0.01217657978956999;0.0;121.21717750978061;0.0;0.0;-0.0;0.0;0.0;114084.19851252496
0.013903903903903904;0.012570284355378124;0.0;125.0216494919542;0.0;0.0;-0.0;0.0;0.0;114230.92988460335
0.013933933933933934;0.012969127955658157;0.0;128.86646151948568;0.0;0.0;-0.0;0.0;0.0;114382.37337014858
0.013963963963963964;0.013372966882101711;0.0;132.74968915513728;0.0;0.0;-0.0;0.0;0.0;114538.59259094126
0.013993993993993994;0.013781654149102667;0.0;136.6693719096446;0.0;0.0;-0.0;0.0;0.0;114699.64970086138
0.014024024024024024;0.01419503966084535;0.0;140.62351575873572;0.0;0.0;-0.0;0.0;0.0;114865.60535227372
0.014054054054054054;0.014612970376085901;0.0;144.6100956605754;0.0;0.0;-0.0;0.0;0.0;115036.51866398906
0.014084084084084084;0.015035290470464518;0.0;148.62705806992665;0.0;0.0;-0.0;0.0;0.0;115212.44719076053
0.014114114114114115;0.015461841496204413;0.0;152.6723234454349;0.0;0.0;-0.0;0.0;0.0;115393.44689427415
0.014144144144144144;0.015892462539066777;0.0;156.74378874651543;0.0;0.0;-0.0;0.0;0.0;115579.5721155908
0.014174174174174175;0.01632699037244779;0.0;160.83932991644085;0.0;0.0;-0.0;0.0;0.0;115770.87554899766
0.014204204204204204;0.016765259608515565;0.0;164.95680434830226;0.0;0.0;-0.0;0.0;0.0;115967.40821722492
0.014234234234234235;0.017207102846299643;0.0;169.09405333063054;0.0;0.0;-0.0;0.0;0.0;116169.21944798516
0.014264264264264264;0.017652350816656247;0.0;173.24890446954635;0.0;0.0;-0.0;0.0;0.0;116376.35685179119
0.014294294294294295;0.018100832524045818;0.0;177.4191740844226;0.0;0.0;-0.0;0.0;0.0;116588.86630100917
0.014324324324324324;0.01855237538506826;0.0;181.60266957412722;0.0;0.0;-0.0;0.0;0.0;116806.79191010351
0.014354354354354355;0.019006805363713127;0.0;185.7971917510292;0.0;0.0;-0.0;0.0;0.0;117030.17601703054
0.014384384384384384;0.019463947103289914;0.0;190.00053714004343;0.0;0.0;-0.0;0.0;0.0;117259.05916573862
0.014414414414414415;0.01992362405501404;0.0;194.21050024010705;0.0;0.0;-0.0;0.0;0.0;117493.48008973162
0.014444444444444444;0.020385658603230244;0.0;198.42487574557006;0.0;0.0;-0.0;0.0;0.0;117733.47569665565
0.014474474474474475;0.020849872187265223;0.0;202.64146072511434;0.0;0.0;-0.0;0.0;0.0;117979.08105386702
0.014504504504504504;0.021316085419905807;0.0;206.85805675590095;0.0;0.0;-0.0;0.0;0.0;118230.32937494236
0.014534534534534535;0.02178411820250792;0.0;211.07247201078243;0.0;0.0;-0.0;0.0;0.0;118487.25200709103
0.014564564564564564;0.02225378983674534;0.0;215.28252329650832;0.0;0.0;-0.0;0.0;0.0;118749.87841943177
0.014594594594594595;0.022724919133015213;0.0;219.48603804099048;0.0;0.0;-0.0;0.0;0.0;119018.23619209712
0.014624624624624624;0.023197324515519736;0.0;223.68085622778966;0.0;0.0;-0.0;0.0;0.0;119292.35100612778
0.014654654654654655;0.023670824124050787;0.0;227.86483227612513;0.0;0.0;-0.0;0.0;0.0;119572.24663412318
0.014684684684684684;0.024145235912506217;0.0;232.03583686481142;0.0;0.0;-0.0;0.0;0.0;119857.94493161341
0.014714714714714715;0.024620377744172257;0.0;236.19175869866098;0.0;0.0;-0.0;0.0;0.0;120149.46582911948
0.014744744744744744;0.025096067483808382;0.0;240.33050621600157;0.0;0.0;-0.0;0.0;0.0;120446.82732487062
0.014774774774774775;0.025572123086575877;0.0;244.45000923609365;0.0;0.0;-0.0;0.0;0.0;120750.0454781473
0.014804804804804804;0.026048362683852435;0.0;248.54822054533986;0.0;0.0;-0.0;0.0;0.0;121059.13440322073
0.014834834834834835;0.026524604665979314;0.0;252.62311742131797;0.0;0.0;-0.0;0.0;0.0;121374.1062638608
0.014864864864864864;0.027000667761988374;0.0;256.6727030937774;0.0;0.0;-0.0;0.0;0.0;121694.97126838447
0.014894894894894895;0.027476371116359824;0.0;260.6950081418746;0.0;0.0;-0.0;0.0;0.0;122021.73766521999
0.014924924924924924;0.027951534362861633;0.0;264.68809182703285;0.0;0.0;-0.0;0.0;0.0;122354.4117389605
0.014954954954954955;0.02842597769552479;0.0;268.6500433609443;0.0;0.0;-0.0;0.0;0.0;122692.99780688505
0.014984984984984984;0.028899521936808316;0.0;272.57898310834196;0.0;0.0;-0.0;0.0;0.0;123037.49821592329
0.015015015015015015;0.029371988603010334;0.0;276.47306372429546;0.0;0.0;-0.0;0.0;0.0;123387.91334004341
0.015045045045045044;0.02984319996698143;0.0;280.3304712258957;0.0;0.0;-0.0;0.0;0.0;123744.24157804289
0.015075075075075075;0.03031297911819809;0.0;284.1494259983128;0.0;0.0;-0.0;0.0;0.0;124106.47935172271
0.015105105105105104;0.03078115002025369;0.0;287.9281837353178;0.0;0.0;-0.0;0.0;0.0;124474.62110442769
0.015135135135135135;0.031247537565826128;0.0;291.6650363144798;0.0;0.0;-0.0;0.0;0.0;124848.65929993548
0.015165165165165164;0.03171196762917977;0.0;295.35831260733846;0.0;0.0;-0.0;0.0;0.0;125228.5844216788
0.015195195195195195;0.03217426711626172;0.0;299.0063792249822;0.0;0.0;-0.0;0.0;0.0;125614.38497228602
0.015225225225225224;0.032634264012450044;0.0;302.60764119953484;0.0;0.0;-0.0;0.0;0.0;126006.04747342643
0.015255255255255255;0.033091787428013664;0.0;306.1605426021754;0.0;0.0;-0.0;0.0;0.0;126403.55646594672
0.015285285285285284;0.03354666764134192;0.0;309.663567098394;0.0;0.0;-0.0;0.0;0.0;126806.89451028772
0.015315315315315315;0.03399873614000232;0.0;313.1152384412851;0.0;0.0;-0.0;0.0;0.0;127216.04218716982
0.015345345345345344;0.034447825659684225;0.0;316.5141209037604;0.0;0.0;-0.0;0.0;0.0;127630.97809853694
0.015375375375375375;0.03489377022108633;0.0;319.8588196506542;0.0;0.0;-0.0;0.0;0.0;128051.67886875024
0.015405405405405406;0.035336405164804255;0.0;323.1479810517589;0.0;0.0;-0.0;0.0;0.0;128478.11914602252
0.015435435435435435;0.035775567184275374;0.0;326.380292936918;0.0;0.0;-0.0;0.0;0.0;128910.27160408616
0.015465465465465466;0.036211094356836136;0.0;329.5544847943603;0.0;0.0;-0.0;0.0;0.0;129348.10694408738
0.015495495495495495;0.03664282617294692;0.0;332.66932791352843;0.0;0.0;-0.0;0.0;0.0;129791.59389670061
0.015525525525525526;0.037070603563639226;0.0;335.72363547372134;0.0;0.0;-0.0;0.0;0.0;130240.69922445784
0.015555555555555555;0.0374942689262381;0.0;338.7162625799124;0.0;0.0;-0.0;0.0;0.0;130695.38772428752
0.015585585585585586;0.037913666148413176;0.0;341.6461062471732;0.0;0.0;-0.0;0.0;0.0;131155.62223025874
0.015615615615615615;0.03832864063060963;0.0;344.51210533516166;0.0;0.0;-0.0;0.0;0.0;131621.36361652822
0.015645645645645644;0.03873903930691059;0.0;347.31324043419266;0.0;0.0;-0.0;0.0;0.0;132092.57080048506
0.015675675675675675;0.039144710664380716;0.0;350.0485337044317;0.0;0.0;-0.0;0.0;0.0;132569.2007460922
0.015705705705705706;0.039545504760940355;0.0;352.71704866979474;0.0;0.0;-0.0;0.0;0.0;133051.208467422
0.015735735735735737;0.03994127324181849;0.0;355.31788996816226;0.0;0.0;-0.0;0.0;0.0;133538.54703238417
0.015765765765765764;0.04033186935463188;0.0;357.8502030595403;0.0;0.0;-0.0;0.0;0.0;134031.16756664508
0.015795795795795795;0.0407171479631367;0.0;360.31317389382;0.0;0.0;-0.0;0.0;0.0;134529.01925773735
0.015825825825825826;0.041096965559697614;0.0;362.70602853979904;0.0;0.0;-0.0;0.0;0.0;135032.04935935975
0.015855855855855857;0.041471180276519845;0.0;365.02803277715367;0.0;0.0;-0.0;0.0;0.0;135540.20319586722
0.015885885885885884;0.04183965189568619;0.0;367.2784916530339;0.0;0.0;-0.0;0.0;0.0;136053.42416695075
0.015915915915915915;0.042202241858042756;0.0;369.4567490049824;0.0;0.0;-0.0;0.0;0.0;136571.65375250837
0.015945945945945946;0.042558813270973946;0.0;371.56218695185663;0.0;0.0;-0.0;0.0;0.0;137094.8315177081
0.015975975975975977;0.04290923091510757;0.0;373.5942253544428;0.0;0.0;-0.0;0.0;0.0;137622.8951182432
0.016006006006006004;0.043253361249989804;0.0;375.5523212474374;0.0;0.0;-0.0;0.0;0.0;138155.78030578172
0.016036036036036035;0.04359107241876809;0.0;377.4359682444608;0.0;0.0;-0.0;0.0;0.0;138693.42093361163
0.016066066066066066;0.04392223425191969;0.0;379.2446959177516;0.0;0.0;-0.0;0.0;0.0;139235.7489624831
0.016096096096096097;0.04424671827006282;0.0;380.9780691541792;0.0;0.0;-0.0;0.0;0.0;139782.6944666505
0.016126126126126124;0.04456439768588563;0.0;382.63568748918476;0.0;0.0;-0.0;0.0;0.0;140334.1856401144
0.016156156156156155;0.04487514740522816;0.0;384.217184420242;0.0;0.0;-0.0;0.0;0.0;140890.14880306838
0.016186186186186186;0.04517884402735049;0.0;385.7222267013995;0.0;0.0;-0.0;0.0;0.0;141450.50840855003
0.016216216216216217;0.045475365844420836;0.0;387.15051362044693;0.0;0.0;-0.0;0.0;0.0;142015.1870493003
0.016246246246246245;0.04576459284025465;0.0;388.5017762602037;0.0;0.0;-0.0;0.0;0.0;142584.10546483326
0.016276276276276275;0.04604640668833689;0.0;389.7757767454142;0.0;0.0;-0.0;0.0;0.0;143157.18254871827
0.016306306306306306;0.04632069074915638;0.0;390.9723074766773;0.0;0.0;-0.0;0.0;0.0;143734.33535607727
0.016336336336336337;0.046587330066882884;0.0;392.09119035282737;0.0;0.0;-0.0;0.0;0.0;144315.4791113
0.016366366366366365;0.046846211365414676;0.0;393.1322759831242;0.0;0.0;-0.0;0.0;0.0;144900.52721597924
0.016396396396396395;0.047097223043824604;0.0;394.09544289058636;0.0;0.0;-0.0;0.0;0.0;145489.3912570689
0.016426426426426426;0.04734025517123118;0.0;394.9805967077512;0.0;0.0;-0.0;0.0;0.0;146081.98101526723
0.016456456456456457;0.04757519948112122;0.0;395.7876693661133;0.0;0.0;-0.0;0.0;0.0;146678.20447362834
0.016486486486486485;0.04780194936514896;0.0;396.51661828044456;0.0;0.0;-0.0;0.0;0.0;147277.9678264034
0.016516516516516516;0.04802039986643647;0.0;397.1674255291592;0.0;0.0;-0.0;0.0;0.0;147881.17548811508
0.016546546546546546;0.04823044767239857;0.0;397.7400970318422;0.0;0.0;-0.0;0.0;0.0;148487.73010286692
0.016576576576576577;0.04843199110711602;0.0;398.23466172501765;0.0;0.0;-0.0;0.0;0.0;149097.53255389037
0.016606606606606605;0.048624930123278606;0.0;398.6511707371883;0.0;0.0;-0.0;0.0;0.0;149710.48197333157
0.016636636636636636;0.04880916629372025;0.0;398.9896965641331;0.0;0.0;-0.0;0.0;0.0;150326.47575228027
0.016666666666666666;0.04898460280256642;0.0;399.2503322454022;0.0;0.0;-0.0;0.0;0.0;150945.40955104315
0.016696696696696697;0.04915114443601472;0.0;399.43319054291277;0.0;0.0;-0.0;0.0;0.0;151567.17730966303
0.016726726726726725;0.049308697572767776;0.0;399.53840312249315;0.0;0.0;-0.0;0.0;0.0;152191.67125868695
0.016756756756756756;0.04945717017413746;0.0;399.5661197391868;0.0;0.0;-0.0;0.0;0.0;152818.78193018422
0.016786786786786786;0.04959647177383878;0.0;399.5165074270799;0.0;0.0;-0.0;0.0;0.0;153448.39816901681
0.016816816816816817;0.04972651346749096;0.0;399.38974969437504;0.0;0.0;-0.0;0.0;0.0;154080.40714436307
0.016846846846846845;0.049847207901843056;0.0;399.1860457243867;0.0;0.0;-0.0;0.0;0.0;154714.69436149785
0.016876876876876876;0.04995846926374035;0.0;398.9056095830963;0.0;0.0;-0.0;0.0;0.0;155351.14367382906
0.016906906906906907;0.050060213268847444;0.0;398.548669433858;0.0;0.0;-0.0;0.0;0.0;155989.63729519284
0.016936936936936937;0.05015235715014368;0.0;398.11546675980827;0.0;0.0;-0.0;0.0;0.0;156630.05581240874
0.01696696696696697;0.050234819646205436;0.0;397.60625559449034;0.0;0.0;-0.0;0.0;0.0;157272.27819809676
0.016996996996996996;0.050307520989289777;0.0;397.0213017611657;0.0;0.0;-0.0;0.0;0.0;157916.1818237552
0.017027027027027027;0.050370382893233166;0.0;396.3608821212439;0.0;0.0;-0.0;0.0;0.0;158561.64247310377
0.017057057057057057;0.050423328541178626;0.0;395.6252838322257;0.0;0.0;-0.0;0.0;0.0;159208.53435568968
0.01708708708708709;0.050466282573144075;0.0;394.81480361551763;0.0;0.0;-0.0;0.0;0.0;159856.73012076018
0.017117117117117116;0.05049917107344431;0.0;393.9297470344386;0.0;0.0;-0.0;0.0;0.0;160506.10087140003
0.017147147147147147;0.05052192155797844;0.0;392.9704277827035;0.0;0.0;-0.0;0.0;0.0;161156.51617893725
0.017177177177177178;0.05053446296139421;0.0;391.937166983637;0.0;0.0;-0.0;0.0;0.0;161807.84409761455
0.01720720720720721;0.05053672562414035;0.0;390.830292500335;0.0;0.0;-0.0;0.0;0.0;162459.95117953018
0.017237237237237236;0.05052864127941747;0.0;389.65013825696064;0.0;0.0;-0.0;0.0;0.0;163112.70248984612
0.017267267267267267;0.05051014304003774;0.0;388.3970435713295;0.0;0.0;-0.0;0.0;0.0;163765.96162226525
0.017297297297297298;0.050481165385203086;0.0;387.0713524989094;0.0;0.0;-0.0;0.0;0.0;164419.59071477767
0.01732732732732733;0.05044164414721153;0.0;385.67341318833155;0.0;0.0;-0.0;0.0;0.0;165073.45046567544
0.017357357357357356;0.050391516498100454;0.0;384.20357724848;0.0;0.0;-0.0;0.0;0.0;165727.40014983734
0.017387387387387387;0.05033072093623571;0.0;382.6621991272019;0.0;0.0;-0.0;0.0;0.0;166381.29763528143
0.017417417417417418;0.050259197272854855;0.0;381.04963550165337;0.0;0.0;-0.0;0.0;0.0;167034.99939998856
0.01744744744744745;0.050176886618572454;0.0;379.3662446802719;0.0;0.0;-0.0;0.0;0.0;167688.36054899302
0.017477477477477476;0.05008373136985537;0.0;377.61238601634295;0.0;0.0;-0.0;0.0;0.0;168341.23483174306
0.017507507507507507;0.049979675195474915;0;375.7884193331022;0.0;0.0;0;0.0;0.0;168993.47465972928
0.017537537537537538;0.04986466302294366;0;373.89470436029967;0.0;0.0;0;0.0;0.0;169644.93112438187
0.01756756756756757;0.049738641024942964;0;371.9316001821251;0.0;0.0;0;0.0;0.0;170295.45401523437
0.017597597597597596;0.04960155660574811;0;369.899464696375;0.0;0.0;0;0.0;0.0;170944.89183835636
0.017627627627627627;0.04945335838765711;0;367.7986540847268;0.0;0.0;0;0.0;0.0;171593.09183505148
0.017657657657657658;0.049293996197429205;0;365.62952229396427;0.0;0.0;0;0.0;0.0;172239.90000082273
0.01768768768768769;0.049123421052738515;0;363.39242052797977;0.0;0.0;0;0.0;0.0;172885.16110460303
0.017717717717717716;0.048941585148648596;0;361.0876967503667;0.0;0.0;0;0.0;0.0;173528.71870825125
0.017747747747747747;0.04874844184411261;0;358.7156951973975;0.0;0.0;0;0.0;0.0;174170.41518631205
0.017777777777777778;0.04854394564850459;0;356.2767559011679;0.0;0.0;0;0.0;0.0;174810.09174604024
0.01780780780780781;0.04832805220818609;0;353.77121422267544;0.0;0.0;0;0.0;0.0;175447.5884476877
0.017837837837837836;0.04810071829311279;0;351.1994003945839;0.0;0.0;0;0.0;0.0;176082.74422505315
0.017867867867867867;0.04786190178348547;0;348.56163907341914;0.0;0.0;0;0.0;0.0;176715.39690629274
0.017897897897897898;0.047611561656449364;0;345.8582489009223;0.0;0.0;0;0.0;0.0;177345.38323499233
0.01792792792792793;0.04734965797284561;0;343.08954207428076;0.0;0.0;0;0.0;0.0;177972.53889149937
0.017957957957957956;0.04707615186401876;0;340.25582392494437;0.0;0.0;0;0.0;0.0;178596.69851451385
0.017987987987987987;0.04679100551868339;0;337.3573925057229;0.0;0.0;0;0.0;0.0;179217.69572293872
0.018018018018018018;0.0464941821698538;0;334.39453818585764;0.0;0.0;0;0.0;0.0;179835.36313798674
0.01804804804804805;0.04618564608183921;0;331.3675432537408;0.0;0.0;0;0.0;0.0;180449.53240554524
0.018078078078078076;0.04586536253730797;0;328.2766815269568;0.0;0.0;0;0.0;0.0;181060.03421879694
0.018108108108108107;0.045533297824423086;0;325.12221796930635;0.0;0.0;0;0.0;0.0;181666.6983410956
0.018138138138138138;0.04518941922405248;0;321.90440831447074;0.0;0.0;0;0.0;0.0;182269.35362909743
0.01816816816816817;0.044833694997055654;0;318.6234986959604;0.0;0.0;0;0.0;0.0;182867.82805614514
0.018198198198198196;0.044466094371649584;0;315.27972528298886;0.0;0.0;0;0.0;0.0;183461.94873590695
0.018228228228228227;0.04408658753085583;0;311.87331392190714;0.0;0.0;0;0.0;0.0;184051.54194626643
0.018258258258258258;0.04369514560003154;0;308.4044797828256;0.0;0.0;0;0.0;0.0;184636.43315346594
0.01828828828828829;0.04329174063448528;0;304.87342701104103;0.0;0.0;0;0.0;0.0;185216.4470365005
0.018318318318318316;0.04287634560718047;0;301.2803483828869;0.0;0.0;0;0.0;0.0;185791.40751176284
0.018348348348348347;0.042448934396527485;0;297.625424965612;0.0;0.0;0;0.0;0.0;186361.13775793905
0.018378378378378378;0.04200948177426669;0;293.90882578089503;0.0;0.0;0;0.0;0.0;186925.46024115357
0.01840840840840841;0.04155796339344304;0;290.130707471586;0.0;0.0;0;0.0;0.0;187484.19674036428
0.018438438438438436;0.04109435577647453;0;286.29121397127057;0.0;0.0;0;0.0;0.0;188037.1683730064
0.018468468468468467;0.04061863630331476;0;282.3904761762381;0.0;0.0;0;0.0;0.0;188584.19562088518
0.018498498498498498;0.040130783199712076;0;278.42861161943944;0.0;0.0;0;0.0;0.0;189125.0983563175
0.01852852852852853;0.0396307755255651;0;274.40572414600064;0.0;0.0;0;0.0;0.0;189659.69586852164
0.01855855855855856;0.039118593163376326;0;270.321903589866;0.0;0.0;0;0.0;0.0;190187.80689025536
0.018588588588588587;0.038594216806804846;0;266.1772254511309;0.0;0.0;0;0.0;0.0;190709.24962470282
0.018618618618618618;0.03805762794931805;0;261.9717505736159;0.0;0.0;0;0.0;0.0;191223.84177260922
0.01864864864864865;0.03750880887294464;0;257.7055248222412;0.0;0.0;0;0.0;0.0;191731.4005596645
0.01867867867867868;0.036947742637128;0;253.37857875973222;0.0;0.0;0;0.0;0.0;192231.74276413547
0.018708708708708707;0.036374413067681494;0;248.9909273221998;0.0;0.0;0;0.0;0.0;192724.6847447472
0.018738738738738738;0.0357888047458456;0;244.54256949311906;0.0;0.0;0;0.0;0.0;193210.04246881377
0.01876876876876877;0.03519090299744842;0;240.03348797523427;0.0;0.0;0;0.0;0.0;193687.63154061898
0.0187987987987988;0.03458069388216823;0;235.4636488598923;0.0;0.0;0;0.0;0.0;194157.267230048
0.018828828828828827;0.03395816418289997;0;230.83300129331863;0.0;0.0;0;0.0;0.0;194618.76450146976
0.018858858858858858;0.03332330139522489;0;226.14147713932584;0.0;0.0;0;0.0;0.0;195071.93804287186
0.01888888888888889;0.03267609371698438;0;221.3889906379451;0.0;0.0;0;0.0;0.0;195516.60229524848
0.01891891891891892;0.032016530037957285;0;216.57543805945247;0.0;0.0;0;0.0;0.0;195952.5714822422
0.018948948948948947;0.031344599929641566;0;211.70069735326072;0.0;0.0;0;0.0;0.0;196379.65964004127
0.018978978978978978;0.03066029363513939;0;206.7646277911255;0.0;0.0;0;0.0;0.0;196797.6806475333
0.01900900900900901;0.02996360205914713;0;201.76706960411838;0.0;0.0;0;0.0;0.0;197206.4482567175
0.01903903903903904;0.02925451675804864;0;196.7078436127878;0.0;0.0;0;0.0;0.0;197605.77612337517
0.019069069069069067;0.0285330299301126;0;191.58675084992984;0.0;0.0;0;0.0;0.0;197995.47783800305
0.0190990990990991;0.027799134405793336;0;186.4035721753709;0.0;0.0;0;0.0;0.0;198375.36695700843
0.01912912912912913;0.027052823638135968;0;181.15806788215602;0.0;0.0;0;0.0;0.0;198745.2570341703
0.01915915915915916;0.02629409169328387;0;175.84997729350388;0.0;0.0;0;0.0;0.0;199104.96165236706
0.019189189189189187;0.025522933241089864;0;170.4790183498961;0.0;0.0;0;0.0;0.0;199454.29445557398
0.01921921921921922;0.024739343545829743;0;165.0448871856296;0.0;0.0;0;0.0;0.0;199793.06918113245
0.01924924924924925;0.023943318457018786;0;159.54725769415833;0.0;0.0;0;0.0;0.0;200121.0996922945
0.01927927927927928;0.023134854400329797;0;153.98578108151565;0.0;0.0;0;0.0;0.0;200438.20001104366
0.019309309309309308;0.02231394836861334;0;148.36008540710054;0.0;0.0;0;0.0;0.0;200744.18435119707
0.01933933933933934;0.02148059791301847;0;142.669775111074;0.0;0.0;0;0.0;0.0;201038.8671517904
0.01936936936936937;0.020634801134215463;0;136.91443052760906;0.0;0.0;0;0.0;0.0;201322.06311075026
0.0193993993993994;0.01977655667371807;0;131.09360738318452;0.0;0.0;0;0.0;0.0;201593.58721885682
0.019429429429429428;0.018905863705305864;0;125.20683627910816;0.0;0.0;0;0.0;0.0;201853.25479400004
0.01945945945945946;0.018022721926545693;0;119.25362215741352;0.0;0.0;0;0.0;0.0;202100.8815157351
0.01948948948948949;0.01712713155041294;0;113.23344374925738;0.0;0.0;0;0.0;0.0;202336.28346013871
0.01951951951951952;0.016219093297009768;0;107.14575300488755;0.0;0.0;0;0.0;0.0;202559.27713497347
0.019549549549549548;0.01529860838538213;0;100.98997450424861;0.0;0.0;0;0.0;0.0;202769.67951516216
0.01957957957957958;0.014365678525432805;0;94.7655048472248;0.0;0.0;0;0.0;0.0;202967.308078579
0.01960960960960961;0.013420305909932255;0;88.47171202251323;0.0;0.0;0;0.0;0.0;203151.980842162
0.01963963963963964;0.012462493206624356;0;82.10793475404563;0.0;0.0;0;0.0;0.0;203323.5163983512
0.019669669669669668;0.011492243550427664;0;75.67348182385999;0.0;0.0;0;0.0;0.0;203481.73395185955
0.0196996996996997;0.010509560535730898;0;69.16763137026213;0.0;0.0;0;0.0;0.0;203626.45335678157
0.01972972972972973;0.009514448208783425;0;62.58963016008387;0.0;0.0;0;0.0;0.0;203757.49515404613
0.01975975975975976;0.008506911060177563;0;55.93869283376582;0.0;0.0;0;0.0;0.0;203874.68060921953
0.019789789789789788;0.007486954017424372;0;49.21400112197033;0.0;0.0;0;0.0;0.0;203977.83175066597
0.01981981981981982;0.0064545824376206085;0;42.414703032345535;0.0;0.0;0;0.0;0.0;204066.77140807206
0.01984984984984985;0.005409802100207573;0;35.53991200502008;0.0;0.0;0;0.0;0.0;204141.32325134287
0.01987987987987988;0.0043526191998195605;0;28.588706035322463;0.0;0.0;0;0.0;0.0;204201.31182987726
0.019909909909909908;0.003283040339222646;0;21.56012676217011;0.0;0.0;0;0.0;0.0;204246.56261223013
0.01993993993993994;0.002201072522341332;0;14.453178520478042;0.0;0.0;0;0.0;0.0;204276.90202617043
0.01996996996996997;0.0011067231473748985;0;7.266827355887895;0.0;0.0;0;0.0;0.0;204292.1574991427
0.02;0;0;0.0;0.0;0.0;0;0.0;0.0;204292.1574991427
0.02003003003003003;0;0;0.0;0.0;0.0;0;0.0;0.0;204292.1574991427
0.02006006006006006;0;0;0.0;0.0;0.0;0;0.0;0.0;204292.1574991427
0.02009009009009009;0;0;0.0;0.0;0.0;0;0.0;0.0;204292.1574991427
0.02012012012012012;0;0;0.0;0.0;0.0;0;0.0;0.0;204292.1574991427
0.02015015015015015;0;0;0.0;0.0;0.0;0;0.0;0.0;204292.1574991427
0.02018018018018018;0;0;0.0;0.0;0.0;0;0.0;0.0;204292.1574991427
0.02021021021021021;0;0;0.0;0.0;0.0;0;0.0;0.0;204292.1574991427
0.02024024024024024;0;0;0.0;0.0;0.0;0;0.0;0.0;204292.1574991427
0.02027027027027027;0;0;0.0;0.0;0.0;0;0.0;0.0;204292.1574991427
0.0203003003003003;0;0;0.0;0.0;0.0;0;0.0;0.0;204292.1574991427
0.02033033033033033;0;0;0.0;0.0;0.0;0;0.0;0.0;204292.1574991427
0.02036036036036036;0.0001319246022252623;0;0.8662213446934539;0.0;0.0;0;0.0;0.0;204293.9760173857
0.02039039039039039;0.0005089698354048355;0;3.341830963894525;0.0;0.0;0;0.0;0.0;204300.99196917214
0.02042042042042042;0.0008780672348326892;0;5.7650334042195865;0.0;0.0;0;0.0;0.0;204313.0959472847
0.02045045045045045;0.0012392168005089083;0;8.135709132189236;0.0;0.0;0;0.0;0.0;204330.17864726164
0.02048048048048048;0.0015924185324334497;0;10.453747795009592;0.0;0.0;0;0.0;0.0;204352.130859673
0.02051051051051051;0.0019376724306063137;0;12.719048035484947;0.0;0.0;0;0.0;0.0;204378.84346255954
0.02054054054054054;0.0022749784950274617;0;14.93151730389728;0.0;0.0;0;0.0;0.0;204410.20741403734
0.02057057057057057;0.002604336725696971;0;17.09107166704319;0.0;0.0;0;0.0;0.0;204446.11374506663
0.0206006006006006;0.002925747122614803;0;19.197635614608664;0.0;0.0;0;0.0;0.0;204486.45355238795
0.02063063063063063;0.003239209685780958;0;21.251141863068117;0.0;0.0;0;0.0;0.0;204531.11799162344
0.02066066066066066;0.0035447244151954;0;23.251531157281946;0.0;0.0;0;0.0;0.0;204579.99827054678
0.02069069069069069;0.0038422913108581997;0;25.19875206997014;0.0;0.0;0;0.0;0.0;204632.98564252025
0.02072072072072072;0.004131910372769323;0;27.092760799229563;0.0;0.0;0;0.0;0.0;204689.9714000997
0.02075075075075075;0.0044135816009287674;0;28.933520964266712;0.0;0.0;0;0.0;0.0;204750.84686880937
0.02078078078078078;0.004687304995336504;0;30.721003399506245;0.0;0.0;0;0.0;0.0;204815.503401085
0.02081081081081081;0.004953080555992595;0;32.45518594723702;0.0;0.0;0;0.0;0.0;204883.8323703869
0.02084084084084084;0.005210908282897008;0;34.1360532489481;0.0;0.0;0;0.0;0.0;204955.72516548258
0.02087087087087087;0.0054607881760497445;0;35.76359653550989;0.0;0.0;0;0.0;0.0;205031.07318490066
0.0209009009009009;0.005702720235450775;0;37.337813416343984;0.0;0.0;0;0.0;0.0;205109.76783155338
0.02093093093093093;0.005936704461100156;0;38.858707667726506;0.0;0.0;0;0.0;0.0;205191.700507532
0.02096096096096096;0.006162740852997861;0;40.326289020359916;0.0;0.0;0;0.0;0.0;205276.7626090716
0.02099099099099099;0.0063808294111438865;0;41.740572946350206;0.0;0.0;0;0.0;0.0;205364.84552168747
0.02102102102102102;0.006590970135538211;0;43.10158044571531;0.0;0.0;0;0.0;0.0;205455.84061548297
0.02105105105105105;0.006793163026180884;0;44.40933783255069;0.0;0.0;0;0.0;0.0;205549.63924062846
0.02108108108108108;0.006987408083071878;0;45.663876520968664;0.0;0.0;0;0.0;0.0;205646.13272301137
0.021111111111111112;0.007173705306211195;0;46.865232810929214;0.0;0.0;0;0.0;0.0;205745.21236005853
0.02114114114114114;0.007352054695598814;0;48.01344767406916;0.0;0.0;0;0.0;0.0;205846.76941672905
0.02117117117117117;0.007522456251234777;0;49.108566539636286;0.0;0.0;0;0.0;0.0;205950.6951216793
0.0212012012012012;0.007684909973119062;0;50.15063908062582;0.0;0.0;0;0.0;0.0;206056.88066359915
0.021231231231231232;0.00783941586125167;0;51.13971900021751;0.0;0.0;0;0.0;0.0;206165.21718771913
0.02126126126126126;0.007985973915632584;0;52.07586381860033;0.0;0.0;0;0.0;0.0;206275.59579248953
0.02129129129129129;0.008124584136261838;0;52.959134660272326;0.0;0.0;0;0.0;0.0;206387.90752643047
0.02132132132132132;0.008255246523139413;0;53.78959604189347;0.0;0.0;0;0.0;0.0;206502.04338515262
0.021351351351351352;0.008377961076265312;0;54.567315660769566;0.0;0.0;0;0.0;0.0;206617.8943085493
0.02138138138138138;0.008492727795639518;0;55.292364184035684;0.0;0.0;0;0.0;0.0;206735.35117815906
0.02141141141141141;0.008599546681262064;0;55.964815038606275;0.0;0.0;0;0.0;0.0;206854.30481469881
0.02144144144144144;0.00869841773313293;0;56.58474420195138;0.0;0.0;0;0.0;0.0;206974.64597576752
0.021471471471471472;0.008789340951252118;0;57.15222999375682;0.0;0.0;0;0.0;0.0;207096.26535371953
0.0215015015015015;0.00887231633561962;0;57.667352868518385;0.0;0.0;0;0.0;0.0;207219.0535737087
0.02153153153153153;0.008947343886235453;0;58.130195209117666;0.0;0.0;0;0.0;0.0;207342.90119190098
0.02156156156156156;0.009014423603099614;0;58.54084112142054;0.0;0.0;0;0.0;0.0;207467.69869385762
0.021591591591591592;0.009073555486212092;0;58.89937622993678;0.0;0.0;0;0.0;0.0;207593.33649308665
0.021621621621621623;0.009124739535572893;0;59.20588747457311;0.0;0.0;0;0.0;0.0;207719.70492976368
0.02165165165165165;0.009167975751182014;0;59.460462908507985;0.0;0.0;0;0.0;0.0;207846.69426962105
0.02168168168168168;0.00920326413303946;0;59.663191497211926;0.0;0.0;0;0.0;0.0;207974.19470300572
0.021711711711711712;0.00923060468114523;0;59.814162918633066;0.0;0.0;0;0.0;0.0;208102.09634410453
0.021741741741741743;0.009249997395499324;0;59.91346736456262;0.0;0.0;0;0.0;0.0;208230.28923033777
0.02177177177177177;0.009261442276101737;0;59.96119534319126;0.0;0.0;0;0.0;0.0;208358.66332191977
0.0218018018018018;0.009264939322952475;0;59.957437482862645;0.0;0.0;0;0.0;0.0;208487.1085015868
0.021831831831831832;0.009260488536051536;0;59.90228433702628;0.0;0.0;0;0.0;0.0;208615.51457449194
0.021861861861861863;0.00924808991539892;0;59.79582619038815;0.0;0.0;0;0.0;0.0;208743.7712682659
0.02189189189189189;0.009227743460994628;0;59.638152866252476;0.0;0.0;0;0.0;0.0;208871.76823324466
0.02192192192192192;0.009199449172838657;0;59.429353535045216;0.0;0.0;0;0.0;0.0;208999.3950428624
0.021951951951951952;0.009163207050931009;0;59.16951652400456;0.0;0.0;0;0.0;0.0;209126.54119421076
0.021981981981981983;0.009119017095271683;0;58.858729128020876;0.0;0.0;0;0.0;0.0;209253.09610876237
0.02201201201201201;0.009066879305860684;0;58.49707742160396;0.0;0.0;0;0.0;0.0;209378.94913326038
0.02204204204204204;0.009006793682698005;0;58.084646071951724;0.0;0.0;0;0.0;0.0;209503.98954077228
0.022072072072072072;0.008938760225783647;0;57.62151815309121;0.0;0.0;0;0.0;0.0;209628.10653190743
0.022102102102102103;0.00886277893511761;0;57.107774961057935;0.0;0.0;0;0.0;0.0;209751.18923620033
0.02213213213213213;0.008778849810699908;0;56.543495830077404;0.0;0.0;0;0.0;0.0;209873.12671365603
0.02216216216216216;0.008686972852530518;0;55.92875794970692;0.0;0.0;0;0.0;0.0;209993.80795646046
0.022192192192192192;0.00858714806060945;0;55.26363618289501;0.0;0.0;0;0.0;0.0;210113.12189085336
0.022222222222222223;0.008479375434936706;0;54.548202884909095;0.0;0.0;0;0.0;0.0;210230.95737916464
0.02225225225225225;0.008363654975512296;0;53.78252772308074;0.0;0.0;0;0.0;0.0;210347.20322201357
0.02228228228228228;0.008239986682336197;0;52.96667749731315;0.0;0.0;0;0.0;0.0;210461.74816067095
0.022312312312312312;0.00810837055540842;0;52.100715961293346;0.0;0.0;0;0.0;0.0;210574.48087958302
0.022342342342342343;0.007968806594728966;0;51.184703644345724;0.0;0.0;0;0.0;0.0;210685.29000905884
0.02237237237237237;0.007821294800297852;0;50.21869767386291;0.0;0.0;0;0.0;0.0;210794.06412811892
0.0224024024024024;0.007665835172115043;0;49.20275159824391;0.0;0.0;0;0.0;0.0;210900.69176750604
0.022432432432432432;0.007502427710180556;0;48.136915210269166;0.0;0.0;0;0.0;0.0;211005.06141285837
0.022462462462462463;0.007331072414494395;0;47.02123437083486;0.0;0.0;0;0.0;0.0;211107.0615080439
0.02249249249249249;0.007151769285056573;0;45.855750832968766;0.0;0.0;0;0.0;0.0;211206.5804586569
0.02252252252252252;0.006964518321867056;0;44.640502066044476;0.0;0.0;0;0.0;0.0;211303.50663567593
0.022552552552552552;0.006769319524925861;0;43.37552108010965;0.0;0.0;0;0.0;0.0;211397.72837928298
0.022582582582582583;0.0065661728942329875;0;42.06083625023676;0.0;0.0;0;0.0;0.0;211489.13400284539
0.02261261261261261;0.006355078429788462;0;40.69647114080579;0.0;0.0;0;0.0;0.0;211577.61179705785
0.02264264264264264;0.006136036131592234;0;39.282444329620844;0.0;0.0;0;0.0;0.0;211663.050034247
0.022672672672672672;0.005909045999644329;0;37.81876923176378;0.0;0.0;0;0.0;0.0;211745.33697283742
0.022702702702702703;0.005674108033944746;0;36.305453923078396;0.0;0.0;0;0.0;0.0;211824.36086197934
0.02273273273273273;0.005431222234493515;0;34.74250096318133;0.0;0.0;0;0.0;0.0;211900.0099463381
0.02276276276276276;0.005180388601290577;0;33.12990721788701;0.0;0.0;0;0.0;0.0;211972.1724710458
0.022792792792792792;0.004921607134335963;0;31.46766368093602;0.0;0.0;0;0.0;0.0;212040.7366868151
0.022822822822822823;0.004654877833629671;0;29.755755294905388;0.0;0.0;0;0.0;0.0;212105.59085521512
0.02285285285285285;0.004380200699171733;0;27.994160771182425;0.0;0.0;0;0.0;0.0;212166.62325411025
0.02288288288288288;0.004097575730962088;0;26.18285240887473;0.0;0.0;0;0.0;0.0;212223.7221832615
0.022912912912912912;0.0038070029290007633;0;24.32179591253016;0.0;0.0;0;0.0;0.0;212276.77597009155
0.022942942942942943;0.003508482293287765;0;22.410950208530004;0.0;0.0;0;0.0;0.0;212325.67297561254
0.02297297297297297;0.003202013823823119;0;20.450267260020897;0.0;0.0;0;0.0;0.0;212370.3016005184
0.023003003003003;0.0028875975206067665;0;18.43969188024217;0.0;0.0;0;0.0;0.0;212410.55029144077
0.023033033033033033;0.0025652333836387333;0;16.379161544105514;0.0;0.0;0;0.0;0.0;212446.30754737052
0.023063063063063063;0.0022349214129190223;0;14.268606197873384;0.0;0.0;0;0.0;0.0;212477.46192624368
0.023093093093093094;0.0018966616084476334;0;12.107948066783905;0.0;0.0;0;0.0;0.0;212503.90205169335
0.02312312312312312;0.0015504539702246086;0;9.897101460462208;0.0;0.0;0;0.0;0.0;212525.51661996802
0.023153153153153153;0.0011962984982498658;0;7.635972575952429;0.0;0.0;0;0.0;0.0;212542.1944070167
0.023183183183183183;0.0008341951925234452;0;5.324459298205027;0.0;0.0;0;0.0;0.0;212553.8242757417
0.023213213213213214;0.00046414405304534724;0;2.9624509978397193;0.0;0.0;0;0.0;0.0;212560.29518341942
0.023243243243243242;8.614507981561666e-05;0;0.5498283260083408;0.0;0.0;0;0.0;0.0;212561.4961892903
0.023273273273273273;0;0;0.0;0.0;0.0;0;0.0;0.0;212561.4961892903
0.023303303303303304;0;0;0.0;0.0;0.0;0;0.0;0.0;212561.4961892903
0.023333333333333334;0;0;0.0;0.0;0.0;0;0.0;0.0;212561.4961892903
0.023363363363363362;0;0;0.0;0.0;0.0;0;0.0;0.0;212561.4961892903
0.023393393393393393;0;0;0.0;0.0;0.0;0;0.0;0.0;212561.4961892903
0.023423423423423424;0;0;0.0;0.0;0.0;0;0.0;0.0;212561.4961892903
0.023453453453453454;0;0;0.0;0.0;0.0;0;0.0;0.0;212561.4961892903
0.023483483483483482;0;0;0.0;0.0;0.0;0;0.0;0.0;212561.4961892903
0.023513513513513513;0;0;0.0;0.0;0.0;0;0.0;0.0;212561.4961892903
0.023543543543543544;0;0;0.0;0.0;0.0;0;0.0;0.0;212561.4961892903
0.023573573573573574;0;0;0.0;0.0;0.0;0;0.0;0.0;212561.4961892903
0.023603603603603602;0;0;0.0;0.0;0.0;0;0.0;0.0;212561.4961892903
0.023633633633633633;0;0;0.0;0.0;0.0;0;0.0;0.0;212561.4961892903
0.023663663663663664;0;0;0.0;0.0;0.0;0;0.0;0.0;212561.4961892903
0.023693693693693695;0;0;0.0;0.0;0.0;0;0.0;0.0;212561.4961892903
0.023723723723723722;2.7523972357714536e-05;0;0.17567387672883567;0.0;0.0;0;0.0;0.0;212561.87991970955
0.023753753753753753;0.00024392633575683875;0;1.556860862652703;0.0;0.0;0;0.0;0.0;212565.28067131442
0.023783783783783784;0.0004504262870297987;0;2.87478700578631;0.0;0.0;0;0.0;0.0;212571.56042737022
0.023813813813813815;0.0006470238261765946;0;4.129419978470574;0.0;0.0;0;0.0;0.0;212580.5812009962
0.023843843843843842;0.0008337189531972051;0;5.320733340405974;0.0;0.0;0;0.0;0.0;212592.20502994946
0.023873873873873873;0.0010105116680916737;0;6.448706246501181;0.0;0.0;0;0.0;0.0;212606.29397166462
0.023903903903903904;0.0011774019708599781;0;7.513323153826753;0.0;0.0;0;0.0;0.0;212622.71009854955
0.023933933933933935;0.0013343898615021182;0;8.514573527817753;0.0;0.0;0;0.0;0.0;212641.3154935378
0.023963963963963962;0.0014814753400180776;0;9.452451547856672;0.0;0.0;0;0.0;0.0;212661.97224589656
0.023993993993993993;0.0016186584064078907;0;10.326955812364131;0.0;0.0;0;0.0;0.0;212684.54244729222
0.024024024024024024;0.0017459390606715391;0;11.138089043514048;0.0;0.0;0;0.0;0.0;212708.8881881117
0.024054054054054055;0.0018633173028090235;0;11.885857791686204;0.0;0.0;0;0.0;0.0;212734.8715540417
0.024084084084084082;0.001970793132820332;0;12.570272139757567;0.0;0.0;0;0.0;0.0;212762.3546229032
0.024114114114114113;0.0020683665507054893;0;13.191345407328786;0.0;0.0;0;0.0;0.0;212791.1994617445
0.024144144144144144;0.0021560375564644825;0;13.74909385497239;0.0;0.0;0;0.0;0.0;212821.2681241898
0.024174174174174175;0.0022338061500973114;0;14.243536388583951;0.0;0.0;0;0.0;0.0;212852.42264804538
0.024204204204204202;0.002301672331603969;0;14.674694263907263;0.0;0.0;0;0.0;0.0;212884.52505316224
0.024234234234234233;0.0023596361009844704;0;15.042590791298647;0.0;0.0;0;0.0;0.0;212917.43733955568
0.024264264264264264;0.002407697458238808;0;15.347251040786242;0.0;0.0;0;0.0;0.0;212951.02148578124
0.024294294294294295;0.002445856403366981;0;15.58870154747422;0.0;0.0;0;0.0;0.0;212985.1394475676
0.024324324324324322;0.0024741129363689872;0;15.766970017332326;0.0;0.0;0;0.0;0.0;213019.6531567058
0.024354354354354353;0.002492467057244833;0;15.88208503340476;0.0;0.0;0;0.0;0.0;213054.4245201947
0.024384384384384384;0.0025009187659945148;0;15.934075762463804;0.0;0.0;0;0.0;0.0;213089.31541964295
0.024414414414414415;0.0024994680626180326;0;15.922971662126868;0.0;0.0;0;0.0;0.0;213124.1877109273
0.024444444444444442;0.002488114947115388;0;15.848802188447218;0.0;0.0;0;0.0;0.0;213158.90322410574
0.024474474474474473;0.002466859419486578;0;15.711596503981337;0.0;0.0;0;0.0;0.0;213193.32376358856
0.024504504504504504;0.002435701479731604;0;15.511383186328539;0.0;0.0;0;0.0;0.0;213227.31110856333
0.024534534534534535;0.0023946411278504658;0;15.248189937130402;0.0;0.0;0;0.0;0.0;213260.72701367643
0.024564564564564562;0.0023436783638431705;0;14.922043291510565;0.0;0.0;0;0.0;0.0;213293.43320996995
0.024594594594594593;0.002282813187709705;0;14.532968327927373;0.0;0.0;0;0.0;0.0;213325.2914060744
0.024624624624624624;0.0022120455994500752;0;14.080988378405376;0.0;0.0;0;0.0;0.0;213356.1632896555
0.024654654654654655;0.0021313755990642817;0;13.566124739102694;0.0;0.0;0;0.0;0.0;213385.9105291177
0.024684684684684686;0.002040803186552324;0;12.988396381165328;0.0;0.0;0;0.0;0.0;213414.39477556228
0.024714714714714713;0.001940328361914214;0;12.347819661811293;0.0;0.0;0;0.0;0.0;213441.47766499984
0.024744744744744744;0.0018299511251499284;0;11.644408035579724;0.0;0.0;0;0.0;0.0;213467.02082081902
0.024774774774774775;0.001709671476259479;0;10.878171765674285;0.0;0.0;0;0.0;0.0;213490.8858565091
0.024804804804804806;0.0015794894152428658;0;10.049117635320165;0.0;0.0;0;0.0;0.0;213512.9343786385
0.024834834834834833;0.0014394049421001048;0;9.157248659049253;0.0;0.0;0;0.0;0.0;213533.02799008775
0.024864864864864864;0.0012894180568311635;0;8.202563793818362;0.0;0.0;0;0.0;0.0;213551.02829353753
0.024894894894894895;0.0011295287594360586;0;7.185057649860556;0.0;0.0;0;0.0;0.0;213566.79689521174
0.024924924924924926;0.0009597370499147899;0;6.104720201158614;0.0;0.0;0;0.0;0.0;213580.1954088764
0.024954954954954953;0.0007800429282673776;0;4.961536495425725;0.0;0.0;0;0.0;0.0;213591.08546009267
0.024984984984984984;0.0005904463944937809;0;3.755486363467988;0.0;0.0;0;0.0;0.0;213599.32869072666
0.025015015015015015;0.00039094744859401995;0;2.48654412779914;0.0;0.0;0;0.0;0.0;213604.7867637133
0.025045045045045046;0.00018154609056809592;0;1.1546783103655123;0.0;0.0;0;0.0;0.0;213607.32136807797
0.025075075075075073;0;0;0.0;0.0;0.0;0;0.0;0.0;213607.32136807797
0.025105105105105104;0;0;0.0;0.0;0.0;0;0.0;0.0;213607.32136807797
0.025135135135135135;0;0;0.0;0.0;0.0;0;0.0;0.0;213607.32136807797
0.025165165165165166;0;0;0.0;0.0;0.0;0;0.0;0.0;213607.32136807797
0.025195195195195193;0;0;0.0;0.0;0.0;0;0.0;0.0;213607.32136807797
0.025225225225225224;0;0;0.0;0.0;0.0;0;0.0;0.0;213607.32136807797
0.025255255255255255;0;0;0.0;0.0;0.0;0;0.0;0.0;213607.32136807797
0.025285285285285286;0;0;0.0;0.0;0.0;0;0.0;0.0;213607.32136807797
0.025315315315315313;0;0;0.0;0.0;0.0;0;0.0;0.0;213607.32136807797
0.025345345345345344;0;0;0.0;0.0;0.0;0;0.0;0.0;213607.32136807797
0.025375375375375375;0;0;0.0;0.0;0.0;0;0.0;0.0;213607.32136807797
0.025405405405405406;0;0;0.0;0.0;0.0;0;0.0;0.0;213607.32136807797
0.025435435435435434;0;0;0.0;0.0;0.0;0;0.0;0.0;213607.32136807797
0.025465465465465464;0;0;0.0;0.0;0.0;0;0.0;0.0;213607.32136807797
0.025495495495495495;0;0;0.0;0.0;0.0;0;0.0;0.0;213607.32136807797
0.025525525525525526;0;0;0.0;0.0;0.0;0;0.0;0.0;213607.32136807797
0.025555555555555554;0;0;0.0;0.0;0.0;0;0.0;0.0;213607.32136807797
0.025585585585585584;0;0;0.0;0.0;0.0;0;0.0;0.0;213607.32136807797
0.025615615615615615;0;0;0.0;0.0;0.0;0;0.0;0.0;213607.32136807797
0.025645645645645646;0;0;0.0;0.0;0.0;0;0.0;0.0;213607.32136807797
0.025675675675675674;0;0;0.0;0.0;0.0;0;0.0;0.0;213607.32136807797
0.025705705705705705;0;0;0.0;0.0;0.0;0;0.0;0.0;213607.32136807797
0.025735735735735735;0;0;0.0;0.0;0.0;0;0.0;0.0;213607.32136807797
0.025765765765765766;0;0;0.0;0.0;0.0;0;0.0;0.0;213607.32136807797
0.025795795795795794;0;0;0.0;0.0;0.0;0;0.0;0.0;213607.32136807797
0.025825825825825825;0;0;0.0;0.0;0.0;0;0.0;0.0;213607.32136807797
0.025855855855855855;0;0;0.0;0.0;0.0;0;0.0;0.0;213607.32136807797
0.025885885885885886;0;0;0.0;0.0;0.0;0;0.0;0.0;213607.32136807797
0.025915915915915914;0;0;0.0;0.0;0.0;0;0.0;0.0;213607.32136807797
0.025945945945945945;0;0;0.0;0.0;0.0;0;0.0;0.0;213607.32136807797
0.025975975975975975;0;0;0.0;0.0;0.0;0;0.0;0.0;213607.32136807797
0.026006006006006006;0;0;0.0;0.0;0.0;0;0.0;0.0;213607.32136807797
0.026036036036036034;0;0;0.0;0.0;0.0;0;0.0;0.0;213607.32136807797
0.026066066066066065;0;0;0.0;0.0;0.0;0;0.0;0.0;213607.32136807797
0.026096096096096096;0;0;0.0;0.0;0.0;0;0.0;0.0;213607.32136807797
0.026126126126126126;0;0;0.0;0.0;0.0;0;0.0;0.0;213607.32136807797
0.026156156156156157;0;0;0.0;0.0;0.0;0;0.0;0.0;213607.32136807797
0.026186186186186185;0;0;0.0;0.0;0.0;0;0.0;0.0;213607.32136807797
0.026216216216216216;0;0;0.0;0.0;0.0;0;0.0;0.0;213607.32136807797
0.026246246246246246;0;0;0.0;0.0;0.0;0;0.0;0.0;213607.32136807797
0.026276276276276277;0;0;0.0;0.0;0.0;0;0.0;0.0;213607.32136807797
0.026306306306306305;0;0;0.0;0.0;0.0;0;0.0;0.0;213607.32136807797
0.026336336336336336;0;0;0.0;0.0;0.0;0;0.0;0.0;213607.32136807797
0.026366366366366367;0;0;0.0;0.0;0.0;0;0.0;0.0;213607.32136807797
0.026396396396396397;0;0;0.0;0.0;0.0;0;0.0;0.0;213607.32136807797
0.026426426426426425;0;0;0.0;0.0;0.0;0;0.0;0.0;213607.32136807797
0.026456456456456456;0;0;0.0;0.0;0.0;0;0.0;0.0;213607.32136807797
0.026486486486486487;0;0;0.0;0.0;0.0;0;0.0;0.0;213607.32136807797
0.026516516516516517;0;0;0.0;0.0;0.0;0;0.0;0.0;213607.32136807797
0.026546546546546545;0;0;0.0;0.0;0.0;0;0.0;0.0;213607.32136807797
0.026576576576576576;0;0;0.0;0.0;0.0;0;0.0;0.0;213607.32136807797
0.026606606606606607;0;0;0.0;0.0;0.0;0;0.0;0.0;213607.32136807797
0.026636636636636637;0;0;0.0;0.0;0.0;0;0.0;0.0;213607.32136807797
0.026666666666666665;0;0;0.0;0.0;0.0;0;0.0;0.0;213607.32136807797
0.026696696696696696;0;0;0.0;0.0;0.0;0;0.0;0.0;213607.32136807797
0.026726726726726727;0;0;0.0;0.0;0.0;0;0.0;0.0;213607.32136807797
0.026756756756756758;0;0;0.0;0.0;0.0;0;0.0;0.0;213607.32136807797
0.026786786786786785;0;0;0.0;0.0;0.0;0;0.0;0.0;213607.32136807797
0.026816816816816816;0;0;0.0;0.0;0.0;0;0.0;0.0;213607.32136807797
0.026846846846846847;0;0;0.0;0.0;0.0;0;0.0;0.0;213607.32136807797
0.026876876876876878;0;0;0.0;0.0;0.0;0;0.0;0.0;213607.32136807797
0.026906906906906905;0;0;0.0;0.0;0.0;0;0.0;0.0;213607.32136807797
0.026936936936936936;0;0;0.0;0.0;0.0;0;0.0;0.0;213607.32136807797
0.026966966966966967;0;0;0.0;0.0;0.0;0;0.0;0.0;213607.32136807797
0.026996996996996998;0;0;0.0;0.0;0.0;0;0.0;0.0;213607.32136807797
0.027027027027027025;0;0;0.0;0.0;0.0;0;0.0;0.0;213607.32136807797
0.027057057057057056;0;0;0.0;0.0;0.0;0;0.0;0.0;213607.32136807797
0.027087087087087087;0;0;0.0;0.0;0.0;0;0.0;0.0;213607.32136807797
0.027117117117117118;0;0;0.0;0.0;0.0;0;0.0;0.0;213607.32136807797
0.027147147147147145;0;0;0.0;0.0;0.0;0;0.0;0.0;213607.32136807797
0.027177177177177176;0;0;0.0;0.0;0.0;0;0.0;0.0;213607.32136807797
0.027207207207207207;0;0;0.0;0.0;0.0;0;0.0;0.0;213607.32136807797
0.027237237237237238;0;0;0.0;0.0;0.0;0;0.0;0.0;213607.32136807797
0.027267267267267265;0;0;0.0;0.0;0.0;0;0.0;0.0;213607.32136807797
0.027297297297297296;0;0;0.0;0.0;0.0;0;0.0;0.0;213607.32136807797
0.027327327327327327;0;0;0.0;0.0;0.0;0;0.0;0.0;213607.32136807797
0.027357357357357358;0;0;0.0;0.0;0.0;0;0.0;0.0;213607.32136807797
0.027387387387387385;0;0;0.0;0.0;0.0;0;0.0;0.0;213607.32136807797
0.027417417417417416;0;0;0.0;0.0;0.0;0;0.0;0.0;213607.32136807797
0.027447447447447447;0;0;0.0;0.0;0.0;0;0.0;0.0;213607.32136807797
0.027477477477477478;0;0;0.0;0.0;0.0;0;0.0;0.0;213607.32136807797
0.027507507507507505;0;0;0.0;0.0;0.0;0;0.0;0.0;213607.32136807797
0.027537537537537536;0;0;0.0;0.0;0.0;0;0.0;0.0;213607.32136807797
0.027567567567567567;0;0;0.0;0.0;0.0;0;0.0;0.0;213607.32136807797
0.027597597597597598;0;0;0.0;0.0;0.0;0;0.0;0.0;213607.32136807797
0.027627627627627625;0;0;0.0;0.0;0.0;0;0.0;0.0;213607.32136807797
0.027657657657657656;0;0;0.0;0.0;0.0;0;0.0;0.0;213607.32136807797
0.027687687687687687;0;0;0.0;0.0;0.0;0;0.0;0.0;213607.32136807797
0.027717717717717718;0;0;0.0;0.0;0.0;0;0.0;0.0;213607.32136807797
0.02774774774774775;0;0;0.0;0.0;0.0;0;0.0;0.0;213607.32136807797
0.027777777777777776;0;0;0.0;0.0;0.0;0;0.0;0.0;213607.32136807797
0.027807807807807807;0;0;0.0;0.0;0.0;0;0.0;0.0;213607.32136807797
0.027837837837837838;0;0;0.0;0.0;0.0;0;0.0;0.0;213607.32136807797
0.02786786786786787;0;0;0.0;0.0;0.0;0;0.0;0.0;213607.32136807797
0.027897897897897896;0;0;0.0;0.0;0.0;0;0.0;0.0;213607.32136807797
0.027927927927927927;0;0;0.0;0.0;0.0;0;0.0;0.0;213607.32136807797
0.027957957957957958;0;0;0.0;0.0;0.0;0;0.0;0.0;213607.32136807797
0.02798798798798799;0;0;0.0;0.0;0.0;0;0.0;0.0;213607.32136807797
0.028018018018018016;0;0;0.0;0.0;0.0;0;0.0;0.0;213607.32136807797
0.028048048048048047;0;0;0.0;0.0;0.0;0;0.0;0.0;213607.32136807797
0.028078078078078078;0;0;0.0;0.0;0.0;0;0.0;0.0;213607.32136807797
0.02810810810810811;0;0;0.0;0.0;0.0;0;0.0;0.0;213607.32136807797
0.028138138138138136;0;0;0.0;0.0;0.0;0;0.0;0.0;213607.32136807797
0.028168168168168167;0;0;0.0;0.0;0.0;0;0.0;0.0;213607.32136807797
0.028198198198198198;0;0;0.0;0.0;0.0;0;0.0;0.0;213607.32136807797
0.02822822822822823;0;0;0.0;0.0;0.0;0;0.0;0.0;213607.32136807797
0.028258258258258256;0;0;0.0;0.0;0.0;0;0.0;0.0;213607.32136807797
0.028288288288288287;0;0;0.0;0.0;0.0;0;0.0;0.0;213607.32136807797
0.028318318318318318;0;0;0.0;0.0;0.0;0;0.0;0.0;213607.32136807797
0.02834834834834835;0;0;0.0;0.0;0.0;0;0.0;0.0;213607.32136807797
0.028378378378378376;0;0;0.0;0.0;0.0;0;0.0;0.0;213607.32136807797
0.028408408408408407;0;0;0.0;0.0;0.0;0;0.0;0.0;213607.32136807797
0.028438438438438438;0;0;0.0;0.0;0.0;0;0.0;0.0;213607.32136807797
0.02846846846846847;0;0;0.0;0.0;0.0;0;0.0;0.0;213607.32136807797
0.028498498498498497;0;0;0.0;0.0;0.0;0;0.0;0.0;213607.32136807797
0.028528528528528527;0;0;0.0;0.0;0.0;0;0.0;0.0;213607.32136807797
0.02855855855855856;0;0;0.0;0.0;0.0;0;0.0;0.0;213607.32136807797
0.02858858858858859;0;0;0.0;0.0;0.0;0;0.0;0.0;213607.32136807797
0.028618618618618617;0;0;0.0;0.0;0.0;0;0.0;0.0;213607.32136807797
0.028648648648648647;0;0;0.0;0.0;0.0;0;0.0;0.0;213607.32136807797
0.02867867867867868;0;0;0.0;0.0;0.0;0;0.0;0.0;213607.32136807797
0.02870870870870871;0;0;0.0;0.0;0.0;0;0.0;0.0;213607.32136807797
0.028738738738738737;0;0;0.0;0.0;0.0;0;0.0;0.0;213607.32136807797
0.028768768768768768;0;0;0.0;0.0;0.0;0;0.0;0.0;213607.32136807797
0.0287987987987988;0;0;0.0;0.0;0.0;0;0.0;0.0;213607.32136807797
0.02882882882882883;0;0;0.0;0.0;0.0;0;0.0;0.0;213607.32136807797
0.028858858858858857;0;0;0.0;0.0;0.0;0;0.0;0.0;213607.32136807797
0.028888888888888888;0;0;0.0;0.0;0.0;0;0.0;0.0;213607.32136807797
0.02891891891891892;0;0;0.0;0.0;0.0;0;0.0;0.0;213607.32136807797
0.02894894894894895;0;0;0.0;0.0;0.0;0;0.0;0.0;213607.32136807797
0.028978978978978977;0;0;0.0;0.0;0.0;0;0.0;0.0;213607.32136807797
0.029009009009009008;0;0;0.0;0.0;0.0;0;0.0;0.0;213607.32136807797
0.02903903903903904;0;0;0.0;0.0;0.0;0;0.0;0.0;213607.32136807797
0.02906906906906907;0;0;0.0;0.0;0.0;0;0.0;0.0;213607.32136807797
0.029099099099099097;0;0;0.0;0.0;0.0;0;0.0;0.0;213607.32136807797
0.029129129129129128;0;0;0.0;0.0;0.0;0;0.0;0.0;213607.32136807797
0.02915915915915916;0;0;0.0;0.0;0.0;0;0.0;0.0;213607.32136807797
0.02918918918918919;0;0;0.0;0.0;0.0;0;0.0;0.0;213607.32136807797
0.02921921921921922;0;0;0.0;0.0;0.0;0;0.0;0.0;213607.32136807797
0.029249249249249248;0;0;0.0;0.0;0.0;0;0.0;0.0;213607.32136807797
0.02927927927927928;0;0;0.0;0.0;0.0;0;0.0;0.0;213607.32136807797
0.02930930930930931;0;0;0.0;0.0;0.0;0;0.0;0.0;213607.32136807797
0.02933933933933934;0;0;0.0;0.0;0.0;0;0.0;0.0;213607.32136807797
0.029369369369369368;0;0;0.0;0.0;0.0;0;0.0;0.0;213607.32136807797
0.0293993993993994;0;0;0.0;0.0;0.0;0;0.0;0.0;213607.32136807797
0.02942942942942943;0;0;0.0;0.0;0.0;0;0.0;0.0;213607.32136807797
0.02945945945945946;0;0;0.0;0.0;0.0;0;0.0;0.0;213607.32136807797
0.029489489489489488;0;0;0.0;0.0;0.0;0;0.0;0.0;213607.32136807797
0.02951951951951952;0;0;0.0;0.0;0.0;0;0.0;0.0;213607.32136807797
0.02954954954954955;0;0;0.0;0.0;0.0;0;0.0;0.0;213607.32136807797
0.02957957957957958;0;0;0.0;0.0;0.0;0;0.0;0.0;213607.32136807797
0.029609609609609608;0;0;0.0;0.0;0.0;0;0.0;0.0;213607.32136807797
0.02963963963963964;0;0;0.0;0.0;0.0;0;0.0;0.0;213607.32136807797
0.02966966966966967;0;0;0.0;0.0;0.0;0;0.0;0.0;213607.32136807797
0.0296996996996997;0;0;0.0;0.0;0.0;0;0.0;0.0;213607.32136807797
0.029729729729729728;0;0;0.0;0.0;0.0;0;0.0;0.0;213607.32136807797
0.02975975975975976;0;0;0.0;0.0;0.0;0;0.0;0.0;213607.32136807797
0.02978978978978979;0;0;0.0;0.0;0.0;0;0.0;0.0;213607.32136807797
0.02981981981981982;0;0;0.0;0.0;0.0;0;0.0;0.0;213607.32136807797
0.029849849849849848;0;0;0.0;0.0;0.0;0;0.0;0.0;213607.32136807797
0.02987987987987988;0;0;0.0;0.0;0.0;0;0.0;0.0;213607.32136807797
0.02990990990990991;0;0;0.0;0.0;0.0;0;0.0;0.0;213607.32136807797
0.02993993993993994;0;0;0.0;0.0;0.0;0;0.0;0.0;213607.32136807797
0.029969969969969968;0;0;0.0;0.0;0.0;0;0.0;0.0;213607.32136807797
0.03;0;0;0.0;0.0;0.0;0;0.0;0.0;213607.32136807797
