time (s);air mass flow  rate (kg/s);outlet velocity (m/s) x;y;z;pressure
0.28;0;0;0.0;0.0;354687.8630752407
0.31399900000000003;0;0;0.0;0.0;354687.8630752407
0.314;0;0.0;0.0;0.0;1104687.8630752407
0.3140610610610611;-0.0006737656344370342;3.8244094116924066;0.0;0.0;1104599.5923758748
0.31412212212212215;-0.004246883418906581;24.11471543695584;0.0;0.0;1104043.2503860735
0.31418318318318317;-0.007837839431135972;44.534515729755576;0.0;0.0;1103016.703245231
0.31424424424424424;-0.0106405215235138;60.513929008995454;0.0;0.0;1101623.5165136359
0.3143053053053053;-0.01277571434987162;72.73590334460408;0.0;0.0;1099951.429168744
0.3143663663663664;-0.014425634617243563;82.23018140726157;0.0;0.0;1098064.2726400252
0.3144274274274274;-0.01572689038581711;89.76781449917318;0.0;0.0;1096007.9415998121
0.3144884884884885;-0.016773525678161164;95.87892985934556;0.0;0.0;1093815.9744880905
0.31454954954954956;-0.01763009392658277;100.92694947279084;0.0;0.0;1091513.4229490145
0.31461061061061063;-0.01834166621992702;105.1652933071108;0.0;0.0;1089119.4096591792
0.31467167167167165;-0.018940401749801022;108.77455776455247;0.0;0.0;1086648.8244506454
0.3147327327327327;-0.019449751657264782;111.88627742817079;0.0;0.0;1084113.4687907759
0.3147937937937938;-0.019887168421066324;114.5982245752614;0.0;0.0;1081522.844550615
0.31485485485485487;-0.020265883165042246;116.98443609094669;0.0;0.0;1078884.709327775
0.31491591591591594;-0.0205960957733217;119.1019217044941;0.0;0.0;1076205.4753841716
0.31497697697697696;-0.02088578849316908;120.99524603045573;0.0;0.0;1073490.5016307363
0.31503803803803804;-0.021141293254062794;122.6997209254167;0.0;0.0;1070744.3110059781
0.3150990990990991;-0.021367694626808757;124.24367113042085;0.0;0.0;1067970.754843204
0.3151601601601602;-0.02156912096348439;125.65006990575355;0.0;0.0;1065173.1389230755
0.3152212212212212;-0.021748958073269157;126.93773853327372;0.0;0.0;1062354.3213961793
0.3152822822822823;-0.021910008321390628;128.12223875944775;0.0;0.0;1059516.7897534473
0.31534334334334335;-0.02205461067038011;129.21654564349066;0.0;0.0;1056662.7219828113
0.3154044044044044;-0.022184732362537683;130.23156107044156;0.0;0.0;1053794.0356440565
0.31546546546546544;-0.022302039734280944;131.17651009322998;0.0;0.0;1050912.4276088898
0.3155265265265265;-0.022407953482895475;132.05925003420452;0.0;0.0;1048019.4065134464
0.3155875875875876;-0.022503692215734495;132.88651387923937;0.0;0.0;1045116.3194665773
0.31564864864864867;-0.02259030707359316;133.66410365080668;0.0;0.0;1042204.3741898667
0.3157097097097097;-0.02266870948693972;134.39704532090067;0.0;0.0;1039284.6574943686
0.31577077077077076;-0.02273969359969034;135.08971387726135;0.0;0.0;1036358.1507969666
0.31583183183183183;-0.02280395451624847;135.7459350257924;0.0;0.0;1033425.7432270817
0.3158928928928929;-0.02286210325044921;136.36906845511893;0.0;0.0;1030488.2427586978
0.315953953953954;-0.022914679050365785;136.96207643966366;0.0;0.0;1027546.3857138861
0.316015015015015;-0.022962159620276302;137.5275807006718;0.0;0.0;1024600.8449153018
0.3160760760760761;-0.02300496964619065;138.06790979994497;0.0;0.0;1021652.2367115668
0.31613713713713715;-0.023043487944118486;138.58513885192156;0.0;0.0;1018701.1270573519
0.3161981981981982;-0.023078053483518497;139.0811229656328;0.0;0.0;1015748.0367966993
0.31625925925925924;-0.023108970486904568;139.55752553972562;0.0;0.0;1012793.4462716058
0.3163203203203203;-0.023136512766616355;140.015842309918;0.0;0.0;1009837.7993566459
0.3163813813813814;-0.023160927428506922;140.45742187330492;0.0;0.0;1006881.5070032955
0.31644244244244246;-0.02318243804770269;140.8834832763127;0.0;0.0;1003924.9503637309
0.3165035035035035;-0.023201247402111;141.2951311441602;0.0;0.0;1000968.4835525785
0.31656456456456455;-0.023217539833835534;141.69336874295942;0.0;0.0;998012.4360958092
0.31662562562562563;-0.02323148329623214;142.07910929614906;0.0;0.0;995057.1151083646
0.3166866866866867;-0.023243231134331018;142.4531858210697;0.0;0.0;992102.8072357834
0.3167477477477478;-0.023252923638252432;142.8163597062786;0.0;0.0;989149.7803898702
0.3168088088088088;-0.023260689402657284;143.16932821345145;0.0;0.0;986198.2853040783
0.31686986986986987;-0.02326664651989365;143.51273105771213;0.0;0.0;983248.5569306188
0.31693093093093094;-0.02327090363008477;143.84715619561163;0.0;0.0;980300.8156982424
0.316991991991992;-0.023273560847766137;144.17314492970456;0.0;0.0;977355.2686470423
0.31705305305305304;-0.023274710581668447;144.49119642190064;0.0;0.0;974412.1104544307
0.3171141141141141;-0.023274438261742917;144.8017716938449;0.0;0.0;971471.5243645853
0.3171751751751752;-0.02327282298544049;145.10529718097763;0.0;0.0;968533.6830320572
0.31723623623623626;-0.023269938093512202;145.40216789721893;0.0;0.0;965598.7492888932
0.3172972972972973;-0.023265851684133174;145.69275025907908;0.0;0.0;962666.8768434365
0.31735835835835835;-0.023260627072918986;145.97738461113366;0.0;0.0;959738.2109179982
0.3174194194194194;-0.02325432320536051;146.25638748901474;0.0;0.0;956812.8888316896
0.3174804804804805;-0.023246995027319098;146.53005365115055;0.0;0.0;953891.0405339994
0.3175415415415415;-0.02323869381847291;146.79865790632317;0.0;0.0;950972.7890940169
0.3176026026026026;-0.02322946749296391;147.0624567605489;0.0;0.0;948058.2511496623
0.31766366366366366;-0.023219360870947614;147.32168990375283;0.0;0.0;945147.5373207837
0.31772472472472474;-0.02320841592427742;147.5765815540986;0.0;0.0;942240.7525895544
0.3177857857857858;-0.02319667199915214;147.8273416756009;0.0;0.0;939337.9966512326
0.31784684684684683;-0.023184166018207;148.0741670827168;0.0;0.0;936439.3642380105
0.3179079079079079;-0.02317093266422818;148.31724244395005;0.0;0.0;933544.9454183955
0.317968968968969;-0.02315700454741065;148.5567411950602;0.0;0.0;930654.8258743124
0.31803003003003005;-0.023142412357853276;148.79282637121935;0.0;0.0;927769.0871578834
0.31809109109109107;-0.023127185004788945;149.02565136637358;0.0;0.0;924887.8069296556
0.31815215215215215;-0.023111349743876144;149.2553606271184;0.0;0.0;922011.0591798567
0.3182132132132132;-0.023094932293729355;149.48209028757356;0.0;0.0;919138.9144341168
0.3182742742742743;-0.02307795694273435;149.70596875101714;0.0;0.0;916271.4399449421
0.3183353353353353;-0.023060446647080308;149.92711722340752;0.0;0.0;913408.6998701121
0.3183963963963964;-0.023042423120839622;150.14565020336502;0.0;0.0;910550.7554390612
0.31845745745745746;-0.02302390691883789;150.3616759326958;0.0;0.0;907697.6651081963
0.31851851851851853;-0.023004917512978205;150.5752968111089;0.0;0.0;904849.4847060308
0.3185795795795796;-0.02298547336261494;150.78660977839738;0.0;0.0;902006.2675689193
0.3186406406406406;-0.02296559197951139;150.99570666701737;0.0;0.0;899168.0646681216
0.3187017017017017;-0.022945289987860995;151.20267452770028;0.0;0.0;896334.9247288471
0.3187627627627628;-0.02292458317980468;151.4075959304715;0.0;0.0;893506.8943418817
0.31882382382382385;-0.022903486566833185;151.61054924320845;0.0;0.0;890684.0180683483
0.31888488488488487;-0.022882014427426184;151.811608889668;0.0;0.0;887866.3385380998
0.31894594594594594;-0.022860180351245363;152.01084558872142;0.0;0.0;885053.8965422
0.319007007007007;-0.022837997280169164;152.20832657637345;0.0;0.0;882246.7311199246
0.3190680680680681;-0.022815477546428913;152.40411581198794;0.0;0.0;879444.8796406557
0.3191291291291291;-0.02279263290808277;152.59827417001503;0.0;0.0;876648.377881033
0.3191901901901902;-0.02276947458204145;152.79085961839013;0.0;0.0;873857.2600976876
0.31925125125125126;-0.022746013274841013;152.98192738467378;0.0;0.0;871071.5590958558
0.31931231231231233;-0.022722259211339427;153.1715301108987;0.0;0.0;868291.3062941516
0.31937337337337335;-0.022698222161498964;153.3597179980092;0.0;0.0;865516.5317857552
0.3194344344344344;-0.022673911465401358;153.54653894069696;0.0;0.0;862747.2643962487
0.3194954954954955;-0.0226493360566307;153.73203865336998;0.0;0.0;859983.5317383234
0.31955655655655657;-0.022624504484146445;153.9162607879223;0.0;0.0;857225.3602635538
0.31961761761761764;-0.02259942493275953;154.09924704392245;0.0;0.0;854472.7753114298
0.31967867867867866;-0.022574105242314246;154.28103727177992;0.0;0.0;851725.8011558158
0.31973973973973974;-0.02254855292567042;154.46166956940516;0.0;0.0;848984.4610490032
0.3198008008008008;-0.022522775185572615;154.64118037283686;0.0;0.0;846248.7772634958
0.3198618618618619;-0.02249677893048572;154.81960454126772;0.0;0.0;843518.7711316764
0.3199229229229229;-0.02247057078947014;154.99697543686892;0.0;0.0;840794.463083474
0.319983983983984;-0.02244415712616376;155.1733249997778;0.0;0.0;838075.8726821587
0.32004504504504505;-0.02241754405193294;155.34868381858897;0.0;0.0;835363.0186583693
0.3201061061061061;-0.022390737438249146;155.52308119665568;0.0;0.0;832655.9189424806
0.32016716716716714;-0.022363742928344175;155.69654521449044;0.0;0.0;829954.5906954054
0.3202282282282282;-0.022336565948192427;155.86910278852778;0.0;0.0;827259.0503379235
0.3202892892892893;-0.02230921171686535;156.04077972649475;0.0;0.0;824569.3135786181
0.32035035035035037;-0.02228168525629914;156.21160077961233;0.0;0.0;821885.3954405022
0.32041141141141144;-0.022253991400514414;156.3815896918379;0.0;0.0;819207.3102864028
0.32047247247247246;-0.022226134804323387;156.55076924634196;0.0;0.0;816535.0718431794
0.32053353353353353;-0.022198119951557176;156.71916130939587;0.0;0.0;813868.6932248325
0.3205945945945946;-0.022169951162844367;156.88678687183963;0.0;0.0;811208.1869545705
0.3206556556556557;-0.02214163260296849;157.05366608827998;0.0;0.0;808553.5649858834
0.3207167167167167;-0.02211316828783125;157.2198183141639;0.0;0.0;805904.8387226819
0.3207777777777778;-0.022084562091045607;157.38526214085783;0.0;0.0;803262.0190385502
0.32083883883883885;-0.02205581775018181;157.55001542885944;0.0;0.0;800625.1162951567
0.3208998998998999;-0.02202693887268713;157.7140953392517;0.0;0.0;797994.1403598684
0.32096096096096094;-0.02199792894149927;157.87751836350955;0.0;0.0;795369.1006226129
0.321022022022022;-0.021968791320371578;158.0403003517564;0.0;0.0;792750.0060120173
0.3210830830830831;-0.02193952925892753;158.20245653956508;0.0;0.0;790136.865010872
0.32114414414414416;-0.021910145897459942;158.3640015733866;0.0;0.0;787529.6856709468
0.3212052052052052;-0.021880644271490182;158.52494953468985;0.0;0.0;784928.4756271901
0.32126626626626625;-0.02185102731610099;158.68531396288483;0.0;0.0;782333.242111348
0.32132732732732733;-0.02182129787005633;158.8451078771033;0.0;0.0;779743.9919650258
0.3213883883883884;-0.02179145867971985;159.00434379689776;0.0;0.0;777160.7316522228
0.3214494494494495;-0.021761512402783737;159.16303376192388;0.0;0.0;774583.4672713636
0.3215105105105105;-0.02173146161181848;159.32118935066202;0.0;0.0;772012.2045668506
0.32157157157157157;-0.021701308797653283;159.47882169823063;0.0;0.0;769446.9489401606
0.32163263263263264;-0.021671056372597017;159.63594151334573;0.0;0.0;766887.7054605082
0.3216936936936937;-0.021640706673507714;159.79255909446823;0.0;0.0;764334.4788750936
0.32175475475475473;-0.021610261964719428;159.94868434518736;0.0;0.0;761787.273618956
0.3218158158158158;-0.02157972444083371;160.10432678887955;0.0;0.0;759246.0938244492
0.3218768768768769;-0.021549096229383453;160.25949558268405;0.0;0.0;756710.9433303605
0.32193793793793796;-0.02151837939337521;160.41419953082794;0.0;0.0;754181.8256906829
0.321998998998999;-0.02148757593371701;160.568447097339;0.0;0.0;751658.7441830612
0.32206006006006005;-0.021456687791537143;160.72224641817536;0.0;0.0;749141.7018169254
0.3221211211211211;-0.02142571685040014;160.87560531280562;0.0;0.0;746630.7013413225
0.3221821821821822;-0.02139466493842459;161.02853129526414;0.0;0.0;744125.7452524655
0.32224324324324327;-0.02136353383030835;161.18103158471197;0.0;0.0;741626.8358010047
0.3223043043043043;-0.021332325249265566;161.33311311552615;0.0;0.0;739133.9749990411
0.32236536536536536;-0.021301040868879958;161.4847825469422;0.0;0.0;736647.1646268858
0.32242642642642644;-0.021269682314878836;161.63604627227346;0.0;0.0;734166.4062395832
0.3224874874874875;-0.021238251166831326;161.7869104277257;0.0;0.0;731691.7011731996
0.32254854854854853;-0.021206748959774955;161.93738090082988;0.0;0.0;729223.0505508973
0.3226096096096096;-0.021175177185773778;162.08746333850897;0.0;0.0;726760.4552887933
0.3226706706706707;-0.0211435372954118;162.23716315480036;0.0;0.0;724303.9161016191
0.32273173173173175;-0.021111830699224295;162.38648553824723;0.0;0.0;721853.4335081849
0.32279279279279277;-0.021080058769070417;162.53543545897628;0.0;0.0;719409.0078366571
0.32285385385385384;-0.021048222839449595;162.68401767547613;0.0;0.0;716970.639229663
0.3229149149149149;-0.0210163242087648;162.832236741093;0.0;0.0;714538.3276492157
0.322975975975976;-0.02098436414053461;162.98009701025342;0.0;0.0;712112.0728814832
0.323037037037037;-0.020952343864556952;163.12760264442917;0.0;0.0;709691.8745413943
0.3230980980980981;-0.02092026457802638;163.274757617855;0.0;0.0;707277.7320770962
0.32315915915915916;-0.02088812744660753;163.42156572301354;0.0;0.0;704869.6447742644
0.32322022022022023;-0.020855933605466143;163.56803057589337;0.0;0.0;702467.6117602751
0.3232812812812813;-0.020823684160260023;163.7141556210347;0.0;0.0;700071.632008241
0.3233423423423423;-0.02079138018809165;163.8599441363704;0.0;0.0;697681.7043409203
0.3234034034034034;-0.020759022738423977;164.00539923787105;0.0;0.0;695297.8274344993
0.3234644644644645;-0.02072661283396143;164.15052388400557;0.0;0.0;692919.9998222572
0.32352552552552555;-0.020694151471497217;164.29532088002196;0.0;0.0;690548.2198981146
0.32358658658658657;-0.020661639622728822;164.43979288205878;0.0;0.0;688182.4859200728
0.32364764764764764;-0.020629078235042623;164.5839424010926;0.0;0.0;685822.796013545
0.3237087087087087;-0.02059646823226966;164.72777180673236;0.0;0.0;683469.1481745867
0.3237697697697698;-0.02056381051541303;164.87128333086173;0.0;0.0;681121.540273026
0.3238308308308308;-0.020531105963348686;165.01447907114158;0.0;0.0;678779.9700554989
0.3238918918918919;-0.020498355433500412;165.15736099437336;0.0;0.0;676444.4351483936
0.32395295295295296;-0.02046555976249049;165.2999309397347;0.0;0.0;674114.9330607073
0.32401401401401403;-0.020432719766766614;165.44219062188805;0.0;0.0;671791.4611868138
0.3240750750750751;-0.020399836243206355;165.58414163396955;0.0;0.0;669474.0168091548
0.3241361361361361;-0.020366909969700017;165.72578545046392;0.0;0.0;667162.5971008474
0.3241971971971972;-0.020333941705712684;165.86712342996748;0.0;0.0;664857.1991282176
0.32425825825825827;-0.020300932192826686;166.00815681784852;0.0;0.0;662557.819853259
0.32431931931931934;-0.020267882155264715;166.14888674880305;0.0;0.0;660264.4561360207
0.32438038038038036;-0.020234792300394894;166.289314249316;0.0;0.0;657977.1047369273
0.32444144144144144;-0.02020166331921808;166.42944024002674;0.0;0.0;655695.762319031
0.3245025025025025;-0.020168495886838722;166.56926553800807;0.0;0.0;653420.4254502018
0.3245635635635636;-0.020135290662919213;166.70879085895672;0.0;0.0;651151.0906052538
0.3246246246246246;-0.020102048292118934;166.84801681930247;0.0;0.0;648887.7541680129
0.3246856856856857;-0.02006876940451826;166.98694393823732;0.0;0.0;646630.4124333265
0.32474674674674675;-0.020035454616028497;167.12557263966977;0.0;0.0;644379.0616090187
0.3248078078078078;-0.020002104528787853;167.2639032541045;0.0;0.0;642133.6978177894
0.3248688688688689;-0.019968719731544272;167.40193602045235;0.0;0.0;639894.3170990625
0.3249299299299299;-0.01993530080002563;167.53967108777283;0.0;0.0;637660.9154107841
0.324990990990991;-0.019901848297297527;167.67710851694983;0.0;0.0;635433.4886311709
0.32505205205205207;-0.01986836277410967;167.814248282308;0.0;0.0;633212.0325604135
0.32511311311311314;-0.019834844769230645;167.95109027316573;0.0;0.0;630996.5429223302
0.32517417417417416;-0.019801294809771986;168.0876342953317;0.0;0.0;628787.015365982
0.32523523523523523;-0.019767713411501645;168.22388007254452;0.0;0.0;626583.44546724
0.3252962962962963;-0.019734101079147644;168.35982724786052;0.0;0.0;624385.8287303145
0.3253573573573574;-0.01970045830669179;168.4954753849877;0.0;0.0;622194.160589243
0.3254184184184184;-0.019666785577654184;168.63082396957105;0.0;0.0;620008.43640934
0.32547947947947947;-0.019633083365368603;168.7658724104282;0.0;0.0;617828.6514886076
0.32554054054054055;-0.01959935213324948;168.9006200407415;0.0;0.0;615654.8010591123
0.3256016016016016;-0.019565592335050324;169.03506611920298;0.0;0.0;613486.8802883248
0.32566266266266264;-0.01953180441511414;169.16920983111706;0.0;0.0;611324.8842804262
0.3257237237237237;-0.019497988808616078;169.30305028946114;0.0;0.0;609168.8080775811
0.3257847847847848;-0.019464145941798777;169.43658653590785;0.0;0.0;607018.6466611787
0.32584584584584586;-0.019430276232200294;169.56981754180657;0.0;0.0;604874.3949530426
0.32590690690690693;-0.019396380088875176;169.70274220912856;0.0;0.0;602736.0478166115
0.32596796796796795;-0.019362457912608884;169.8353593713765;0.0;0.0;600603.6000580877
0.326029029029029;-0.019328510096125528;169.96766779445727;0.0;0.0;598477.0464275621
0.3260900900900901;-0.019294537024289737;170.09966617752434;0.0;0.0;596356.3816201076
0.3261511511511512;-0.019260539074302162;170.23135315378482;0.0;0.0;594241.6002768468
0.3262122122122122;-0.019226516615889346;170.36272729127688;0.0;0.0;592132.6969859955
0.32627327327327327;-0.019192470011487817;170.49378709361486;0.0;0.0;590029.6662838784
0.32633433433433434;-0.01915839961642304;170.62453100070815;0.0;0.0;587932.5026559235
0.3263953953953954;-0.019124305779082865;170.75495738944915;0.0;0.0;585841.2005376299
0.32645645645645643;-0.019090188841086066;170.88506457437515;0.0;0.0;583755.7543155149
0.3265175175175175;-0.019056049137445817;171.01485080830213;0.0;0.0;581676.158328037
0.3265785785785786;-0.01902188699672877;171.14431428293594;0.0;0.0;579602.4068664986
0.32663963963963966;-0.018987702741209228;171.27345312945548;0.0;0.0;577534.4941759269
0.3267007007007007;-0.018953496687019157;171.40226541907433;0.0;0.0;575472.4144559357
0.32676176176176175;-0.01891926914429365;171.53074916357647;0.0;0.0;573416.1618615638
0.3268228228228228;-0.01888502041731266;171.65890231583316;0.0;0.0;571365.730504099
0.3268838838838839;-0.0188507508046384;171.78672277029483;0.0;0.0;569321.1144518806
0.32694494494494497;-0.018816460599249053;171.91420836346342;0.0;0.0;567282.3077310822
0.327006006006006;-0.018782150088668712;172.04135687434433;0.0;0.0;565249.3043264806
0.32706706706706706;-0.018747819555093623;172.16816602487714;0.0;0.0;563222.0981822045
0.32712812812812814;-0.018713469275515145;172.29463348034957;0.0;0.0;561200.6832024679
0.3271891891891892;-0.018679099521839156;172.4207568497913;0.0;0.0;559185.053252286
0.32725025025025023;-0.01864471056100221;172.5465336863497;0.0;0.0;557175.2021581772
0.3273113113113113;-0.018610302655084458;172.67196148764785;0.0;0.0;555171.123708847
0.3273723723723724;-0.01857587606141977;172.79703769612772;0.0;0.0;553172.8116558606
0.32743343343343345;-0.018541431032702553;172.92175969937438;0.0;0.0;551180.2597142962
0.32749449449449447;-0.018506967817091925;173.04612483042584;0.0;0.0;549193.4615633892
0.32755555555555554;-0.01847248665831284;173.17013036806577;0.0;0.0;547212.4108471582
0.3276166166166166;-0.01843798779575491;173.29377353710402;0.0;0.0;545237.1011750209
0.3276776776776777;-0.01840347146456823;173.41705150863996;0.0;0.0;543267.5261223944
0.32773873873873877;-0.01836893789575683;173.53996140031282;0.0;0.0;541303.6792312848
0.3277997997997998;-0.018334387316269716;173.6625002765384;0.0;0.0;539345.5540108631
0.32786086086086086;-0.018299819949089306;173.78466514873128;0.0;0.0;537393.1439380292
0.32792192192192193;-0.01826523601331788;173.9064529755161;0.0;0.0;535446.4424579658
0.327982982982983;-0.018230635724261528;174.02786066292504;0.0;0.0;533505.4429846776
0.328044044044044;-0.018196019293512056;174.14888506458303;0.0;0.0;531570.1389015225
0.3281051051051051;-0.0181613869290266;174.2695229818804;0.0;0.0;529640.5235617309
0.3281661661661662;-0.01812673883520552;174.38977116413665;0.0;0.0;527716.5902889136
0.32822722722722725;-0.01809207521296801;174.5096263087502;0.0;0.0;525798.3323775602
0.32828828828828827;-0.018057396259825945;174.62908506133886;0.0;0.0;523885.743093528
0.32834934934934934;-0.018022702169955683;174.74814401586806;0.0;0.0;521978.81567452
0.3284104104104104;-0.017987993134268344;174.86679971477142;0.0;0.0;520077.54333055374
0.3284714714714715;-0.017953269340478063;174.98504864905917;0.0;0.0;518181.9192444217
0.32853253253253256;-0.017918530973168655;175.10288725841738;0.0;0.0;516291.93657214154
0.3285935935935936;-0.017883778213858594;175.2203119312982;0.0;0.0;514407.5884433979
0.32865465465465465;-0.017849011241064305;175.3373190049995;0.0;0.0;512528.86796197586
0.32871571571571573;-0.017814230230362122;175.45390476573832;0.0;0.0;510655.76820618584
0.3287767767767768;-0.017779435354448436;175.57006544871257;0.0;0.0;508788.2822292805
0.3288378378378378;-0.0177446267831986;175.68579723815634;0.0;0.0;506926.4030598632
0.3288988988988989;-0.017709804683724135;175.8010962673849;0.0;0.0;505070.12370228925
0.32895995995995997;-0.017674969220428924;175.91595861883494;0.0;0.0;503219.4371370597
0.32902102102102104;-0.017640120555063674;176.03038032409347;0.0;0.0;501374.3363212068
0.32908208208208206;-0.017605258846779326;176.14435736392193;0.0;0.0;499534.8141886729
0.32914314314314314;-0.0175703842521789;176.2578856682697;0.0;0.0;497700.86365068326
0.3292042042042042;-0.017535496925368523;176.37096111628492;0.0;0.0;495872.47759610985
0.3292652652652653;-0.017500597018006804;176.4835795363139;0.0;0.0;494049.6488918303
0.3293263263263263;-0.017465684679353364;176.5957367058968;0.0;0.0;492232.3703830796
0.3293873873873874;-0.017430760056315896;176.7074283517537;0.0;0.0;490420.6348937957
0.32944844844844845;-0.01739582329349654;176.81865014976822;0.0;0.0;488614.43522695854
0.3295095095095095;-0.017360874533236783;176.9293977249611;0.0;0.0;486813.7641649232
0.3295705705705706;-0.017325913915661496;177.03966665145956;0.0;0.0;485018.614469747
0.3296316316316316;-0.01729094157872197;177.14945245246065;0.0;0.0;483228.9788835116
0.3296926926926927;-0.01725595765823774;177.25875060018714;0.0;0.0;481444.8501286379
0.32975375375375376;-0.017220962287937812;177.3675565158408;0.0;0.0;479666.2209081976
0.32981481481481484;-0.017185955599500594;177.47586556954758;0.0;0.0;477893.0839062169
0.32987587587587586;-0.017150937722593122;177.58367308029855;0.0;0.0;476125.43178797734
0.32993693693693693;-0.017115908784909182;177.69097431588438;0.0;0.0;474363.2572003095
0.329997997997998;-0.017080868912206903;177.79776449282775;0.0;0.0;472606.5527718831
0.3300590590590591;-0.017045818228345153;177.9040387763073;0.0;0.0;470855.3111134919
0.3301201201201201;-0.017010756855319335;178.00979228007918;0.0;0.0;469109.52481833374
0.33018118118118117;-0.016975684913296173;178.11502006639205;0.0;0.0;467369.1864622848
0.33024224224224225;-0.01694060252064803;178.21971714590015;0.0;0.0;465634.2886041719
0.3303033033033033;-0.01690550979398616;178.32387847756948;0.0;0.0;463904.8237860378
0.33036436436436434;-0.016870406848193378;178.42749896858098;0.0;0.0;462180.78453340393
0.3304254254254254;-0.01683529379645586;178.5305734742282;0.0;0.0;460462.16335552715
0.3304864864864865;-0.01680017075029455;178.63309679781386;0.0;0.0;458748.952745655
0.33054754754754756;-0.016765037819595506;178.73506369053922;0.0;0.0;457041.1451812737
0.33060860860860863;-0.016729895112639802;178.83646885139103;0.0;0.0;455338.733124355
0.33066966966966965;-0.01669474273613277;178.93730692702565;0.0;0.0;453641.7090215971
0.3307307307307307;-0.01665958079523242;179.03757251164677;0.0;0.0;451950.0653046636
0.3307917917917918;-0.01662440939357755;179.13726014688388;0.0;0.0;450263.79439041705
0.3308528528528529;-0.016589228633314988;179.23636432166333;0.0;0.0;448582.88868115057
0.3309139139139139;-0.01655403861512642;179.33487947207905;0.0;0.0;446907.3405648145
0.33097497497497497;-0.01651883943825438;179.43279998125678;0.0;0.0;445237.14241524023
0.33103603603603604;-0.016483631200528124;179.5301201792198;0.0;0.0;443572.28659236134
0.3310970970970971;-0.016448413998388527;179.62683434274757;0.0;0.0;441912.7654424303
0.3311581581581582;-0.01641318792691268;179.72293669523364;0.0;0.0;440258.5712982325
0.3312192192192192;-0.01637795307983795;179.81842140654044;0.0;0.0;438609.6964792976
0.3312802802802803;-0.016342709549585326;179.91328259284964;0.0;0.0;436966.1332921071
0.33134134134134136;-0.016307457427282693;180.007514316514;0.0;0.0;435327.87403029884
0.33140240240240243;-0.0162721968027872;180.10111058590238;0.0;0.0;433694.91097486997
0.33146346346346345;-0.01623692776470741;180.19406535524496;0.0;0.0;432067.23639437504
0.3315245245245245;-0.016201650400424785;180.2863725244741;0.0;0.0;430444.842545123
0.3315855855855856;-0.01616636479611505;180.3780259390662;0.0;0.0;428827.72167137027
0.33164664664664667;-0.016131071036768772;180.46901938987793;0.0;0.0;427215.86600551225
0.3317077077077077;-0.01609576920621175;180.55934661298292;0.0;0.0;425609.26776827127
0.33176876876876876;-0.016060459387124748;180.64900128950373;0.0;0.0;424007.91916888306
0.33182982982982984;-0.016025141661063218;180.73797704544646;0.0;0.0;422411.81240527873
0.3318908908908909;-0.01598981610847618;180.82626745152862;0.0;0.0;420820.9396642673
0.33195195195195193;-0.015954482808725048;180.91386602300892;0.0;0.0;419235.2931217133
0.332013013013013;-0.015919141840101788;181.00076621951214;0.0;0.0;417654.8649427132
0.3320740740740741;-0.01588379327984708;181.08696144485722;0.0;0.0;416079.6472817694
0.33213513513513515;-0.015848437204167756;181.17244504687875;0.0;0.0;414509.63228296215
0.3321961961961962;-0.015813073688254093;181.25721031725067;0.0;0.0;412944.812080119
0.33225725725725724;-0.015777702806296718;181.3412504913072;0.0;0.0;411385.1787969821
0.3323183183183183;-0.015742324631503067;181.42455874786182;0.0;0.0;409830.72454737424
0.3323793793793794;-0.015706939236113774;181.50712820902814;0.0;0.0;408281.4414353617
0.33244044044044047;-0.015671546691418476;181.58895194003642;0.0;0.0;406737.32155541575
0.3325015015015015;-0.01563614706777146;181.67002294905123;0.0;0.0;405198.3569925727
0.33256256256256256;-0.015600740434606842;181.75033418698607;0.0;0.0;403664.5398225913
0.33262362362362363;-0.015565326860453733;181.82987854732107;0.0;0.0;402135.8621121079
0.3326846846846847;-0.01552990641295082;181.90864886591575;0.0;0.0;400612.3159187919
0.3327457457457457;-0.015494479158860841;181.98663792082434;0.0;0.0;399093.8932914965
0.3328068068068068;-0.015459045164084594;182.06383843210736;0.0;0.0;397580.5862704104
0.3328678678678679;-0.015423604493674994;182.14024306164714;0.0;0.0;396072.38688720623
0.33292892892892895;-0.015388157211850537;182.21584441295917;0.0;0.0;394569.2871651878
0.33298998998998997;-0.015352703382008684;182.2906350310048;0.0;0.0;393071.27911943605
0.33305105105105104;-0.015317243066738852;182.36460740200275;0.0;0.0;391578.35475695296
0.3331121121121121;-0.01528177632783539;182.43775395324275;0.0;0.0;390090.5060768043
0.3331731731731732;-0.01524630322631007;182.5100670528968;0.0;0.0;388607.72507026064
0.33323423423423426;-0.015210823822404457;182.58153900983137;0.0;0.0;387130.00372093683
0.3332952952952953;-0.015175338175602057;182.65216207342036;0.0;0.0;385657.334004931
0.33335635635635635;-0.015139846344640067;182.7219284333558;0.0;0.0;384189.70789096074
0.3334174174174174;-0.015104348387521253;182.7908302194636;0.0;0.0;382727.1173404992
0.3334784784784785;-0.015068844361525245;182.8588595015148;0.0;0.0;381269.55430790846
0.3335395395395395;-0.015033334323219854;182.92600828904057;0.0;0.0;379817.01074057346
0.3336006006006006;-0.01499781832847195;182.99226853114482;0.0;0.0;378369.4785790333
0.33366166166166167;-0.01496229643245849;183.05763211632149;0.0;0.0;376926.9497571118
0.33372272272272274;-0.014926768689677008;183.1220908722692;0.0;0.0;375489.4162020463
0.33378378378378376;-0.014891235153956073;183.1856365657082;0.0;0.0;374056.86983461684
0.33384484484484483;-0.014855695878465454;183.2482609021968;0.0;0.0;372629.3025692722
0.3339059059059059;-0.014820150915726296;183.30995552595198;0.0;0.0;371206.7063142561
0.333966966966967;-0.014784600317620902;183.37071201966808;0.0;0.0;369789.0729717325
0.334028028028028;-0.014749044135402449;183.43052190433784;0.0;0.0;368376.39443790854
0.3340890890890891;-0.014713482419704384;183.48937663907364;0.0;0.0;366968.6626031579
0.33415015015015015;-0.014677915220549944;183.54726762093307;0.0;0.0;365565.86935214285
0.3342112112112112;-0.014642342587361204;183.60418618474282;0.0;0.0;364168.006563934
0.3342722722722723;-0.014606764568968101;183.66012360292552;0.0;0.0;362775.066112131
0.3343333333333333;-0.014571181213617316;183.71507108532862;0.0;0.0;361387.03986498155
0.3343943943943944;-0.014535592568980824;183.7690197790528;0.0;0.0;360003.9196854986
0.33445545545545546;-0.014499998682164622;183.82196076828654;0.0;0.0;358625.6974315788
0.33451651651651654;-0.014464399599716972;183.87388507413849;0.0;0.0;357252.36495611735
0.33457757757757756;-0.014428795367636691;183.92478365447388;0.0;0.0;355883.91410712496
0.33463863863863863;-0.014393186031381114;183.9746474037517;0.0;0.0;354520.3367278415
0.3346996996996997;-0.014357571635874226;184.02346715286723;0.0;0.0;353161.6246568504
0.3347607607607608;-0.01432195222551434;184.0712336689933;0.0;0.0;351807.7697281918
0.33482182182182185;-0.01428632784418178;184.11793765542598;0.0;0.0;350458.7637714744
0.33488288288288287;-0.01425069853524646;184.16356975143282;0.0;0.0;349114.5986119887
0.33494394394394394;-0.014215064341575143;184.20812053210162;0.0;0.0;347775.266070816
0.335005005005005;-0.014179425305538935;184.25158050819678;0.0;0.0;346440.7579649404
0.3350660660660661;-0.014143781469020256;184.2939401260129;0.0;0.0;345111.06610735774
0.3351271271271271;-0.014108132873419967;184.3351897672355;0.0;0.0;343786.1823071846
0.3351881881881882;-0.014072479559664135;184.3753197488016;0.0;0.0;342466.09836976737
0.33524924924924926;-0.014036821568210992;184.4143203227672;0.0;0.0;341150.8060967895
0.33531031031031033;-0.014001158939057503;184.45218167617523;0.0;0.0;339840.2972863789
0.33537137137137135;-0.01396549171174596;184.48889393092793;0.0;0.0;338534.56373321515
0.3354324324324324;-0.013929819925370308;184.5244471436613;0.0;0.0;337233.5972286351
0.3354934934934935;-0.013894143618582667;184.5588313056271;0.0;0.0;335937.38956073875
0.3355545545545546;-0.013858462829599443;184.59203634257454;0.0;0.0;334645.9325144947
0.3356156156156156;-0.013822777596207493;184.6240521146379;0.0;0.0;333359.2178718441
0.33567667667667667;-0.013787087955770041;184.65486841622646;0.0;0.0;332077.2374118061
0.33573773773773774;-0.01375139394523275;184.6844749759218;0.0;0.0;330799.9829105803
0.3357987987987988;-0.013715695601129455;184.7128614563762;0.0;0.0;329527.446141651
0.3358598598598599;-0.013679992959587899;184.7400174542168;0.0;0.0;328259.6188758895
0.3359209209209209;-0.013644286056335376;184.7659324999543;0.0;0.0;326996.4928816572
0.335981981981982;-0.013608574926704168;184.79059605789448;0.0;0.0;325738.05992490717
0.33604304304304305;-0.013572859605637148;184.8139975260585;0.0;0.0;324484.3117692864
0.33610410410410413;-0.013537140127693028;184.83612623610395;0.0;0.0;323235.2401762368
0.33616516516516515;-0.013501416527051675;184.85697145325344;0.0;0.0;321990.83690509613
0.3362262262262262;-0.013465688837519163;184.8765223762254;0.0;0.0;320751.0937131997
0.3362872872872873;-0.013429957092533055;184.8947681371751;0.0;0.0;319516.0023559796
0.33634834834834837;-0.013394221325167297;184.91169780163645;0.0;0.0;318285.55458706536
0.3364094094094094;-0.013358481568137197;184.92730036847163;0.0;0.0;317059.74215838383
0.33647047047047046;-0.013322737853804155;184.9415647698243;0.0;0.0;315838.55682025873
0.33653153153153154;-0.013286990214180611;184.9544798710824;0.0;0.0;314621.9903215099
0.3365925925925926;-0.013251238680934635;184.96603447084343;0.0;0.0;313410.03440955223
0.33665365365365363;-0.01321548328539458;184.9762173008872;0.0;0.0;312202.6808304948
0.3367147147147147;-0.013179724058553527;184.98501702615349;0.0;0.0;310999.9213292395
0.3367757757757758;-0.01314396103107392;184.9924222447293;0.0;0.0;309801.7476495791
0.33683683683683685;-0.013108194233291853;184.99842148783915;0.0;0.0;308608.1515342959
0.3368978978978979;-0.013072423695221437;185.0030032198436;0.0;0.0;307419.12472525955
0.33695895895895894;-0.013036649446559075;185.00615583824492;0.0;0.0;306234.65896352526
0.33702002002002;-0.013000871516687539;185.00786767369732;0.0;0.0;305054.7459894311
0.3370810810810811;-0.012965089934680289;185.00812699002896;0.0;0.0;303879.37754269585
0.33714214214214216;-0.012929304729305403;185.0069219842665;0.0;0.0;302708.5453625168
0.3372032032032032;-0.012893515929029644;185.00424078666995;0.0;0.0;301542.24118766637
0.33726426426426426;-0.012857723562022258;185.00007146077206;0.0;0.0;300380.4567565904
0.33732532532532533;-0.012821927656159054;184.99440200343048;0.0;0.0;299223.18380750425
0.3373863863863864;-0.012786128239026077;184.98722034488273;0.0;0.0;298070.4140784908
0.3374474474474475;-0.012750325337923401;184.97851434881198;0.0;0.0;296922.1393075972
0.3375085085085085;-0.012714518979868855;184.96827181242048;0.0;0.0;295778.35123293125
0.33756956956956957;-0.012678709191601538;184.95648046650962;0.0;0.0;294639.0415927595
0.33763063063063065;-0.01264289599958558;184.94312797557248;0.0;0.0;293504.20212560287
0.3376916916916917;-0.012607079430013567;184.92820193789126;0.0;0.0;292373.82457033475
0.33775275275275274;-0.012571259508810051;184.91168988564561;0.0;0.0;291247.900666277
0.3378138138138138;-0.012535436261634857;184.8935792850274;0.0;0.0;290126.422153297
0.3378748748748749;-0.012499609713886646;184.8738575363699;0.0;0.0;289009.3807719047
0.33793593593593596;-0.012463779890706093;184.8525119742805;0.0;0.0;287896.76826334966
0.337996996996997;-0.012427946816979223;184.82952986778696;0.0;0.0;286788.5763697172
0.33805805805805805;-0.0123921105173405;184.80489842048993;0.0;0.0;285684.79683402623
0.3381191191191191;-0.01235627101617619;184.77860477073;0.0;0.0;284585.4214003257
0.3381801801801802;-0.01232042833762735;184.75063599176048;0.0;0.0;283490.441813792
0.3382412412412412;-0.012284582505592953;184.72097909193297;0.0;0.0;282399.84982082556
0.3383023023023023;-0.012248733543732822;184.68962101489055;0.0;0.0;281313.637169149
0.33836336336336337;-0.012212881475470762;184.6565486397763;0.0;0.0;280231.79560790316
0.33842442442442444;-0.0121770263239974;184.6217487814481;0.0;0.0;279154.3168877455
0.3384854854854855;-0.012141168112273103;184.5852081907064;0.0;0.0;278081.1927609473
0.33854654654654653;-0.01210530686303085;184.54691355453323;0.0;0.0;277012.41498149076
0.3386076076076076;-0.012069442598778917;184.50685149634026;0.0;0.0;275947.97530516767
0.3386686686686687;-0.012033575341803854;184.46500857623357;0.0;0.0;274887.8654896763
0.33872972972972976;-0.011997705114173062;184.42137129128437;0.0;0.0;273832.07729472016
0.3387907907907908;-0.011961831937737548;184.37592607581527;0.0;0.0;272780.6024821056
0.33885185185185185;-0.011925955834134446;184.3286593016955;0.0;0.0;271733.4328158404
0.3389129129129129;-0.011890076824789817;184.27955727865336;0.0;0.0;270690.56006223214
0.338973973973974;-0.011854194930921092;184.22860625459614;0.0;0.0;269651.9759899868
0.339035035035035;-0.01181831017353967;184.1757924159459;0.0;0.0;268617.672370308
0.3390960960960961;-0.011782422573453279;184.1211018879847;0.0;0.0;267587.6409769954
0.33915715715715716;-0.011746532151268625;184.0645207352184;0.0;0.0;266561.873586544
0.33921821821821824;-0.011710638927393699;184.00603496174833;0.0;0.0;265540.36197824427
0.33927927927927926;-0.011674742922040234;183.94563051166003;0.0;0.0;264523.09793428093
0.33934034034034033;-0.01163884415522591;183.88329326942153;0.0;0.0;263510.0732398332
0.3394014014014014;-0.011602942646776877;183.81900906030162;0.0;0.0;262501.27968317515
0.3394624624624625;-0.01156703841632993;183.75276365079705;0.0;0.0;261496.7090557753
0.33952352352352355;-0.01153113148333477;183.6845427490756;0.0;0.0;260496.35315239814
0.33958458458458457;-0.011495221867056274;183.6143320054347;0.0;0.0;259500.20377120413
0.33964564564564564;-0.01145930958657656;183.54211701277177;0.0;0.0;258508.25271385157
0.3397067067067067;-0.011423394660797328;183.4678833070743;0.0;0.0;257520.49178559714
0.3397677677677678;-0.011387477108441865;183.3916163679204;0.0;0.0;256536.9127953982
0.3398288288288288;-0.011351556948057222;183.31330161899746;0.0;0.0;255557.50755601452
0.3398898898898899;-0.011315634198016133;183.23292442863337;0.0;0.0;254582.2678841104
0.33995095095095096;-0.011279708876519261;183.15047011034815;0.0;0.0;253611.18560035745
0.34001201201201203;-0.011243781001597076;183.06592392341724;0.0;0.0;252644.25252953707
0.34007307307307305;-0.01120785059111192;182.97927107345348;0.0;0.0;251681.46050064376
0.3401341341341341;-0.011171917662759812;182.89049671300214;0.0;0.0;250722.80134698868
0.3401951951951952;-0.011135982234072573;182.79958594215805;0.0;0.0;249768.26690630344
0.3402562562562563;-0.01110004432241962;182.70652380919458;0.0;0.0;248817.84902084386
0.3403173173173173;-0.011064103945009882;182.611295311212;0.0;0.0;247871.5395374948
0.34037837837837837;-0.011028161118893527;182.5138853948004;0.0;0.0;246929.33030787494
0.34043943943943944;-0.010992215860963998;182.4142789567256;0.0;0.0;245991.2131884418
0.3405005005005005;-0.010956268187959656;182.31246084462646;0.0;0.0;245057.18004059722
0.3405615615615616;-0.010920318116465601;182.20841585773346;0.0;0.0;244127.2227307934
0.3406226226226226;-0.010884365662915455;182.1021287476054;0.0;0.0;243201.33313063905
0.3406836836836837;-0.01084841084359296;181.99358421888115;0.0;0.0;242279.50311700598
0.34074474474474475;-0.01081245367463386;181.88276693005545;0.0;0.0;241361.72457213618
0.34080580580580583;-0.010776494172027482;181.76966149426858;0.0;0.0;240447.9893837492
0.34086686686686685;-0.010740532351618414;181.6542524801171;0.0;0.0;239538.28944515012
0.3409279279279279;-0.010704568229108051;181.5365244124815;0.0;0.0;238632.61665533728
0.340988988988989;-0.010668601820056375;181.4164617733782;0.0;0.0;237730.96291911148
0.34105005005005007;-0.010632633139883434;181.29404900282555;0.0;0.0;236833.32014718457
0.34111111111111114;-0.010596662203870922;181.1692704997324;0.0;0.0;235939.68025628888
0.34117217217217216;-0.01056068902716378;181.04211062280683;0.0;0.0;235050.0351692874
0.34123323323323324;-0.010524713624771585;180.91255369148206;0.0;0.0;234164.376815284
0.3412942942942943;-0.01048873601157025;180.78058398686844;0.0;0.0;233282.69712973374
0.3413553553553554;-0.010452756202303381;180.64618575272038;0.0;0.0;232404.98805455453
0.3414164164164164;-0.010416774211583815;180.50934319642755;0.0;0.0;231531.24153823862
0.3414774774774775;-0.010380790053894922;180.37004049002357;0.0;0.0;230661.44953596444
0.34153853853853855;-0.010344803743592253;180.22826177122195;0.0;0.0;229795.6040097094
0.3415995995995996;-0.0103088152949048;180.08399114446718;0.0;0.0;228933.69692836268
0.34166066066066064;-0.010272824721936453;179.93721268201128;0.0;0.0;228075.7202678388
0.3417217217217217;-0.010236832038667248;179.78791042500868;0.0;0.0;227221.6660111915
0.3417827827827828;-0.010200837258954919;179.63606838463906;0.0;0.0;226371.52614872807
0.34184384384384386;-0.0101648403965361;179.4816705432462;0.0;0.0;225525.29267812433
0.3419049049049049;-0.010128841465027709;179.32470085550287;0.0;0.0;224682.95760453996
0.34196596596596596;-0.010092840477928116;179.16514324959525;0.0;0.0;223844.51294073433
0.34202702702702703;-0.010056837448618636;179.00298162843575;0.0;0.0;223009.95070718278
0.3420880880880881;-0.01002083239036466;178.8381998708926;0.0;0.0;222179.26293219381
0.3421491491491492;-0.009984825316316927;178.67078183304608;0.0;0.0;221352.44165202582
0.3422102102102102;-0.009948816239512822;178.5007113494683;0.0;0.0;220529.4789110055
0.34227127127127127;-0.009912805172877431;178.32797223452266;0.0;0.0;219710.3667616459
0.34233233233233235;-0.009876792129224965;178.15254828369385;0.0;0.0;218895.09726476573
0.3423933933933934;-0.009840777121259811;177.9744232749357;0.0;0.0;218083.6624896082
0.34245445445445444;-0.009804760161577773;177.79358097004652;0.0;0.0;217276.05451396137
0.3425155155155155;-0.009768741262667083;177.61000511606485;0.0;0.0;216472.2654242782
0.3425765765765766;-0.009732720436909776;177.4236794466965;0.0;0.0;215672.28731579843
0.34263763763763766;-0.009696697696582646;177.23458768375912;0.0;0.0;214876.11229266875
0.3426986986986987;-0.009660673053858457;177.04271353865613;0.0;0.0;214083.73246806624
0.34275975975975975;-0.0096246465208069;176.8480407138713;0.0;0.0;213295.13996431997
0.3428208208208208;-0.009588618109395883;176.65055290449504;0.0;0.0;212510.32691303478
0.3428818818818819;-0.009552587831492458;176.45023379976885;0.0;0.0;211729.28545521462
0.3429429429429429;-0.00951655569886396;176.24706708466007;0.0;0.0;210952.00774138724
0.343004004004004;-0.009480521723178925;176.04103644145826;0.0;0.0;210178.48593172844
0.34306506506506507;-0.009444485916008305;175.83212555140213;0.0;0.0;209408.71219618781
0.34312612612612614;-0.009408448288826358;175.6203180963276;0.0;0.0;208642.67871461483
0.3431871871871872;-0.00937240885301171;175.40559776034456;0.0;0.0;207880.377676885
0.34324824824824823;-0.009336367619848351;175.18794823153917;0.0;0.0;207121.8012830271
0.3433093093093093;-0.009300324600526507;174.96735320369962;0.0;0.0;206366.94174335117
0.3433703703703704;-0.009264279806143806;174.74379637807482;0.0;0.0;205615.79127857575
0.34343143143143146;-0.00922823324770609;174.51726146515222;0.0;0.0;204868.34211995814
0.3434924924924925;-0.009192184936128443;174.2877321864671;0.0;0.0;204124.5865094224
0.34355355355355355;-0.00915613488223598;174.05519227643396;0.0;0.0;203384.51669969023
0.3436146146146146;-0.009120083096764988;173.81962548421126;0.0;0.0;202648.12495441127
0.3436756756756757;-0.009084029590363682;173.5810155755866;0.0;0.0;201915.40354829395
0.3437367367367367;-0.009047974373593178;173.33934633489235;0.0;0.0;201186.34476723775
0.3437977977977978;-0.009011917456928269;173.09460156694536;0.0;0.0;200460.94090846516
0.34385885885885886;-0.008975858850758474;172.84676509901874;0.0;0.0;199739.18428065447
0.34391991991991994;-0.008939798565388787;172.59582078283537;0.0;0.0;199021.06720407386
0.34398098098098095;-0.008903736611040608;172.34175249659242;0.0;0.0;198306.5820107148
0.34404204204204203;-0.00886767299785244;172.0845441470085;0.0;0.0;197595.7210444273
0.3441031031031031;-0.008831607735880936;171.82417967140546;0.0;0.0;196888.47666105515
0.3441641641641642;-0.008795540835101593;171.56064303981034;0.0;0.0;196184.8412285714
0.34422522522522525;-0.0087594723054096;171.2939182570885;0.0;0.0;195484.80712721558
0.34428628628628627;-0.008723402156620659;171.0239893651033;0.0;0.0;194788.36674963008
0.34434734734734734;-0.008687330398471691;170.75084044490126;0.0;0.0;194095.51250099836
0.3444084084084084;-0.008651257040621786;170.47445561892954;0.0;0.0;193406.23679918307
0.3444694694694695;-0.008615182092652851;170.1948190532753;0.0;0.0;192720.53207486522
0.3445305305305305;-0.008579105564070474;169.9119149599366;0.0;0.0;192038.39077168354
0.3445915915915916;-0.008543027464304515;169.62572759911566;0.0;0.0;191359.80534637457
0.34465265265265266;-0.008506947802710075;169.33624128154702;0.0;0.0;190684.7682689137
0.34471371371371373;-0.008470866588568098;169.04344037084607;0.0;0.0;190013.272022656
0.3447747747747748;-0.008434783831086147;168.74730928588804;0.0;0.0;189345.30910447915
0.3448358358358358;-0.008398699539399144;168.44783250321433;0.0;0.0;188680.87202492505
0.3448968968968969;-0.00836261372256997;168.14499455946293;0.0;0.0;188019.9533083437
0.344957957957958;-0.008326526389590362;167.83878005383215;0.0;0.0;187362.54549303654
0.34501901901901905;-0.008290437549381479;167.52917365056481;0.0;0.0;186708.64113140135
0.34508008008008006;-0.00825434721079465;167.21616008146333;0.0;0.0;186058.23279007696
0.34514114114114114;-0.008218255382611955;166.89972414842822;0.0;0.0;185411.31305008903
0.3452022022022022;-0.008182162073547059;166.57985072602858;0.0;0.0;184767.87450699648
0.3452632632632633;-0.00814606729224577;166.25652476409422;0.0;0.0;184127.90977103787
0.3453243243243243;-0.008109971047286762;165.92973129033697;0.0;0.0;183491.41146727934
0.3453853853853854;-0.008073873347182084;165.59945541299442;0.0;0.0;182858.37223576257
0.34544644644644645;-0.008037774200378005;165.26568232350695;0.0;0.0;182228.7847316535
0.3455075075075075;-0.008001673615255528;164.9283972992142;0.0;0.0;181602.64162539146
0.34556856856856855;-0.007965571600131078;164.58758570608052;0.0;0.0;180979.93560283937
0.3456296296296296;-0.00792946816325698;164.2432330014424;0.0;0.0;180360.659365434
0.3456906906906907;-0.007893363312822288;163.8953247367885;0.0;0.0;179744.80563033733
0.34575175175175177;-0.007857257056953256;163.54384656055757;0.0;0.0;179132.36713058787
0.34581281281281284;-0.007821149403713971;163.18878422096506;0.0;0.0;178523.33661525339
0.34587387387387386;-0.007785040361106966;162.83012356885368;0.0;0.0;177917.7068495835
0.34593493493493493;-0.007748929937073703;162.46785056056638;0.0;0.0;177315.47061516368
0.345995995995996;-0.007712818139495324;162.10195126084932;0.0;0.0;176716.62071006862
0.3460570570570571;-0.007676704976193097;161.7324118457722;0.0;0.0;176121.14994901724
0.3461181181181181;-0.00764059045492907;161.35921860567652;0.0;0.0;175529.05116352838
0.3461791791791792;-0.007604474583406473;160.98235794814286;0.0;0.0;174940.317202076
0.34624024024024025;-0.007568357369270478;160.60181640098816;0.0;0.0;174354.94093024597
0.3463013013013013;-0.007532238820108628;160.217580615279;0.0;0.0;173772.91523089306
0.34636236236236234;-0.007496118943451424;159.8296373683709;0.0;0.0;173194.23300429835
0.3464234234234234;-0.007459997746772746;159.43797356696598;0.0;0.0;172618.88716832758
0.3464844844844845;-0.007423875237490564;159.04257625019858;0.0;0.0;172046.87065859014
0.34654554554554556;-0.007387751422967349;158.6434325927362;0.0;0.0;171478.17642859765
0.3466066066066066;-0.007351626310510639;158.24052990790412;0.0;0.0;170912.7974499245
0.34666766766766766;-0.007315499907373424;157.83385565082713;0.0;0.0;170350.72671236796
0.34672872872872873;-0.0072793722207548615;157.4233974215985;0.0;0.0;169791.95722410915
0.3467897897897898;-0.007243243257800625;157.0091429684603;0.0;0.0;169236.48201187473
0.3468508508508509;-0.007207113025603447;156.5910801910075;0.0;0.0;168684.29412109876
0.3469119119119119;-0.007170981531203641;156.16919714341037;0.0;0.0;168135.38661608554
0.34697297297297297;-0.007134848781589443;155.7434820376508;0.0;0.0;167589.7525801727
0.34703403403403404;-0.007098714783697695;155.31392324678427;0.0;0.0;167047.38511589452
0.3470950950950951;-0.007062579544414192;154.88050930821169;0.0;0.0;166508.2773451467
0.34715615615615614;-0.0070264430705742065;154.44322892697105;0.0;0.0;165972.42240935095
0.3472172172172172;-0.006990305368962818;154.00207097904186;0.0;0.0;165439.81346961993
0.3472782782782783;-0.006954166446315587;153.5570245146724;0.0;0.0;164910.44370692325
0.34733933933933936;-0.0069180263093188525;153.10807876171333;0.0;0.0;164384.30632225383
0.34740040040040043;-0.0068818849646102255;152.65522312897048;0.0;0.0;163861.3945367942
0.34746146146146145;-0.006845742418779069;152.19844720957062;0.0;0.0;163341.70159208446
0.3475225225225225;-0.0068095986783667925;151.73774078433644;0.0;0.0;162825.2207501897
0.3475835835835836;-0.006773453749867494;151.27309382518226;0.0;0.0;162311.94529386782
0.3476446446446446;-0.006737307639728278;150.80449649851317;0.0;0.0;161801.86852673895
0.3477057057057057;-0.006701160354349602;150.33193916863715;0.0;0.0;161294.98377345418
0.34776676676676677;-0.006665011900085868;149.85541240119227;0.0;0.0;160791.2843798652
0.34782782782782784;-0.00662886228324572;149.37490696657724;0.0;0.0;160290.76371319467
0.3478888888888889;-0.006592711510092493;148.8904138433947;0.0;0.0;159793.41516220642
0.34794994994994993;-0.0065565595868446345;148.40192422190165;0.0;0.0;159299.23213737682
0.348011011011011;-0.0065204065196759866;147.90942950746444;0.0;0.0;158808.20807106578
0.3480720720720721;-0.006484252314716389;147.41292132402774;0.0;0.0;158320.33641768878
0.34813313313313315;-0.006448096978051919;146.9123915175812;0.0;0.0;157835.61065388925
0.3481941941941942;-0.006411940515725361;146.40783215963637;0.0;0.0;157354.02427871092
0.34825525525525525;-0.006375782933736458;145.8992355507028;0.0;0.0;156875.57081377128
0.3483163163163163;-0.006339624238042493;145.38659422377552;0.0;0.0;156400.2438034347
0.3483773773773774;-0.006303464434558522;144.8699009478166;0.0;0.0;155928.03681498647
0.34843843843843847;-0.006267303529157788;144.34914873124296;0.0;0.0;155458.94343880695
0.3484994994994995;-0.006231141527672131;143.8243308254148;0.0;0.0;154992.95728854605
0.34856056056056056;-0.006194978435892205;143.29544072811925;0.0;0.0;154530.07200129837
0.34862162162162164;-0.006158814259568042;142.7624721870613;0.0;0.0;154070.28123777846
0.3486826826826827;-0.006122649004409286;142.22541920334504;0.0;0.0;153613.57868249647
0.34874374374374373;-0.006086482676085604;141.68427603495635;0.0;0.0;153159.9580439336
0.3488048048048048;-0.0060503152802269;141.13903720023632;0.0;0.0;152709.41305471936
0.3488658658658659;-0.006014146822423879;140.58969748135885;0.0;0.0;152261.93747180738
0.34892692692692695;-0.005977977308228228;140.0362519277935;0.0;0.0;151817.5250766523
0.34898798798798797;-0.005941806743153042;139.47869585976593;0.0;0.0;151376.1696753876
0.34904904904904904;-0.00590563513267303;138.91702487170693;0.0;0.0;150937.8650990025
0.3491101101101101;-0.005869462482225024;138.35123483569853;0.0;0.0;150502.60520351958
0.3491711711711712;-0.005833288797208194;137.78132190490368;0.0;0.0;150070.38387017322
0.3492322322322322;-0.005797114082984439;137.20728251698867;0.0;0.0;149641.19500558736
0.3492932932932933;-0.0057609383448785625;136.6291133975285;0.0;0.0;149215.0325419546
0.34935435435435436;-0.005724761588178801;136.04681156340752;0.0;0.0;148791.89043721405
0.34941541541541543;-0.0056885838181370005;135.46037432619687;0.0;0.0;148371.76267523083
0.3494764764764765;-0.0056524050399689735;134.86979929552126;0.0;0.0;147954.64326597488
0.3495375375375375;-0.005616225258854823;134.2750843824079;0.0;0.0;147540.5262457005
0.3495985985985986;-0.005580044479939123;133.67622780261442;0.0;0.0;147129.40567712538
0.34965965965965967;-0.005543862708331432;133.0732280799458;0.0;0.0;146721.27564961062
0.34972072072072075;-0.005507679949106439;132.46608404954247;0.0;0.0;146316.13027934014
0.34978178178178176;-0.0054714962073043345;131.85479486115204;0.0;0.0;145913.963709501
0.34984284284284284;-0.005435311487930981;131.23935998237428;0.0;0.0;145514.77011046317
0.3499039039039039;-0.005399125795958388;130.6197792018895;0.0;0.0;145118.54367995955
0.349964964964965;-0.005362939136324868;129.99605263265423;0.0;0.0;144725.27864326636
0.35002602602602606;-0.0053267515139353684;129.368180715075;0.0;0.0;144334.96925338346
0.3500870870870871;-0.005290562933661767;128.73616422015385;0.0;0.0;143947.60979121472
0.35014814814814815;-0.005254373400343032;128.10000425260193;0.0;0.0;143563.19456574845
0.3502092092092092;-0.005218182918785683;127.45970225393059;0.0;0.0;143181.7179142378
0.35027027027027025;-0.005181991493763987;126.8152600055045;0.0;0.0;142803.17420238158
0.3503313313313313;-0.0051457991300201044;126.16667963156162;0.0;0.0;142427.5578245044
0.3503923923923924;-0.005109605832264569;125.51396360220718;0.0;0.0;142054.86320373742
0.35045345345345347;-0.005073411605176423;124.85711473636444;0.0;0.0;141685.08479219876
0.35051451451451454;-0.0050372164534035;124.1961362046925;0.0;0.0;141318.2170711741
0.35057557557557556;-0.005001020381562726;123.5310315324673;0.0;0.0;140954.25455129685
0.35063663663663663;-0.004964823394240251;122.86180460241914;0.0;0.0;140593.1917727292
0.3506976976976977;-0.004928625495991885;122.18845965753798;0.0;0.0;140235.02330534134
0.3507587587587588;-0.0048924266913432275;121.51100130382882;0.0;0.0;139879.7437488929
0.3508198198198198;-0.00485622698478999;120.82943451303008;0.0;0.0;139527.34773321202
0.3508808808808809;-0.004820026380798094;120.14376462528128;0.0;0.0;139177.82991837582
0.35094194194194195;-0.004783824883804128;119.4539973517544;0.0;0.0;138831.18499489024
0.351003003003003;-0.004747622498215452;118.76013877723007;0.0;0.0;138487.40768386962
0.3510640640640641;-0.004711419228410469;118.06219536262886;0.0;0.0;138146.49273721653
0.3511251251251251;-0.0046752150787389;117.36017394749437;0.0;0.0;137808.43493780022
0.3511861861861862;-0.004639010053521876;116.65408175241966;0.0;0.0;137473.22909963693
0.35124724724724726;-0.0046028041570523905;115.94392638143128;0.0;0.0;137140.87006806792
0.3513083083083083;-0.004566597393595407;115.22971582431111;0.0;0.0;136811.35271993873
0.35136936936936936;-0.004530389767387999;114.51145845886413;0.0;0.0;136484.6719637769
0.35143043043043043;-0.004494181282639783;113.7891630531372;0.0;0.0;136160.8227399707
0.3514914914914915;-0.004457971943532989;113.06283876757163;0.0;0.0;135839.80002094686
0.3515525525525526;-0.004421761754222732;112.33249515710165;0.0;0.0;135521.59881134806
0.3516136136136136;-0.004385550718837263;111.5981421731929;0.0;0.0;135206.21414820995
0.35167467467467467;-0.004349338841478048;110.85979016581418;0.0;0.0;134893.64110113846
0.35173573573573574;-0.004313126126220179;110.11744988535605;0.0;0.0;134583.8747724859
0.3517967967967968;-0.00427691257711247;109.37113248447669;0.0;0.0;134276.9102975272
0.35185785785785784;-0.004240698198177718;108.6208495198868;0.0;0.0;133972.74284463606
0.3519189189189189;-0.004204482993412785;107.8666129540635;0.0;0.0;133671.36761545978
0.35197997997998;-0.004168266966789012;107.10843515690517;0.0;0.0;133372.77984509425
0.35204104104104106;-0.004132050122252279;106.34632890730754;0.0;0.0;133076.9748022585
0.35210210210210213;-0.004095832463723242;105.58030739467442;0.0;0.0;132783.94778946883
0.35216316316316315;-0.004059613995097585;104.81038422035715;0.0;0.0;132493.69414321185
0.3522242242242242;-0.004023394720246063;104.0365733990159;0.0;0.0;132206.20923411794
0.3522852852852853;-0.0039871746430149135;103.25888935991624;0.0;0.0;131921.48846713352
0.3523463463463464;-0.003950953767225907;102.47734694814166;0.0;0.0;131639.52728169292
0.3524074074074074;-0.003914732096676629;101.69196142573527;0.0;0.0;131360.32115188977
0.35246846846846847;-0.003878509635140513;100.90274847275766;0.0;0.0;131083.8655866477
0.35252952952952954;-0.0038422863863672423;100.10972418827569;0.0;0.0;130810.1561298907
0.3525905905905906;-0.003806062354082812;99.31290509126244;0.0;0.0;130539.18836071235
0.35265165165165163;-0.0037698375419897654;98.5123081214208;0.0;0.0;130270.95789354516
0.3527127127127127;-0.0037336119537672552;97.70795063992057;0.0;0.0;130005.46037832848
0.3527737737737738;-0.003697385593071434;96.89985043006105;0.0;0.0;129742.69150067597
0.35283483483483485;-0.0036611584635354833;96.08802569783954;0.0;0.0;129482.64698204286
0.3528958958958959;-0.0036249305687698716;95.27249507244113;0.0;0.0;129225.32257989187
0.35295695695695695;-0.0035887019123623984;94.45327760663658;0.0;0.0;128970.71408785845
0.353018018018018;-0.003552472497878573;93.63039277710115;0.0;0.0;128718.81733591598
0.3530790790790791;-0.0035162423288616455;92.803860484637;0.0;0.0;128469.62819053898
0.35314014014014017;-0.0034800114088328164;91.97370105431047;0.0;0.0;128223.14255486654
0.3532012012012012;-0.0034437797412914532;91.13993523549959;0.0;0.0;127979.35636886465
0.35326226226226226;-0.0034075473297151106;90.30258420184558;0.0;0.0;127738.26560948754
0.35332332332332334;-0.0033713141775599024;89.46166955112182;0.0;0.0;127499.8662908381
0.3533843843843844;-0.0033350802882605463;88.61721330500129;0.0;0.0;127264.15446432757
0.3534454454454454;-0.0032988456652305784;87.76923790873514;0.0;0.0;127031.12621883482
0.3535065065065065;-0.0032626103118623914;86.91776623073235;0.0;0.0;126800.77768086354
0.3535675675675676;-0.003226374231527605;86.06282156205313;0.0;0.0;126573.10501469964
0.35362862862862865;-0.0031901374275770757;85.20442761579693;0.0;0.0;126348.10442256709
0.3536896896896897;-0.0031538999033410985;84.34260852639919;0.0;0.0;126125.77214478303
0.35375075075075074;-0.003117661662129603;83.47738884883094;0.0;0.0;125906.10445991144
0.3538118118118118;-0.0030814227072321664;82.60879355769559;0.0;0.0;125689.09768491649
0.3538728728728729;-0.0030451830419183676;81.73684804623662;0.0;0.0;125474.74817531431
0.3539339339339339;-0.0030089426694378542;80.86157812523857;0.0;0.0;125263.05232532414
0.353994994994995;-0.0029727015930203784;79.98301002182815;0.0;0.0;125054.00656801772
0.35405605605605606;-0.002936459815876154;79.10117037818358;0.0;0.0;124847.6073754686
0.35411711711711713;-0.0029002173411958694;78.21608625013475;0.0;0.0;124643.85125889913
0.3541781781781782;-0.0028639741721508813;77.32778510566732;0.0;0.0;124442.73476882742
0.3542392392392392;-0.0028277303118933723;76.43629482332469;0.0;0.0;124244.25449521228
0.3543003003003003;-0.0027914857635563794;75.54164369050497;0.0;0.0;124048.40706759779
0.35436136136136137;-0.0027552405302541366;74.64386040166477;0.0;0.0;123855.1891552559
0.35442242242242245;-0.002718994615082073;73.74297405641155;0.0;0.0;123664.59746732826
0.35448348348348346;-0.0026827480211170287;72.83901415749962;0.0;0.0;123476.62875296679
0.35454454454454454;-0.0026465007514172682;71.93201060871812;0.0;0.0;123291.27980147304
0.3546056056056056;-0.0026102528090228027;71.02199371268499;0.0;0.0;123108.54744243556
0.3546666666666667;-0.0025740041969554016;70.10899416852948;0.0;0.0;122928.42854586757
0.35472772772772776;-0.002537754918218773;69.19304306947674;0.0;0.0;122750.92002234158
0.3547887887887888;-0.00250150497579871;68.27417190032881;0.0;0.0;122576.01882312354
0.35484984984984985;-0.002465254372663111;67.35241253483889;0.0;0.0;122403.72194030583
0.3549109109109109;-0.002429003111762296;66.42779723299165;0.0;0.0;122234.02640693837
0.35497197197197194;-0.0023927511960290565;65.50035863817334;0.0;0.0;122066.92929715852
0.355033033033033;-0.002356498628378668;64.57012977423835;0.0;0.0;121902.42772631992
0.3550940940940941;-0.0023202454117092234;63.637144042482745;0.0;0.0;121740.51885111908
0.35515515515515517;-0.0022839915489016403;62.70143521850641;0.0;0.0;121581.19986972147
0.35521621621621624;-0.0022477370428198016;61.7630374489775;0.0;0.0;121424.46802188577
0.35527727727727726;-0.0022114818963107235;60.82198524829607;0.0;0.0;121270.32058908627
0.35533833833833833;-0.0021752261122045566;59.87831349515234;0.0;0.0;121118.75489463423
0.3553993993993994;-0.00213896969331489;58.93205742899242;0.0;0.0;120969.76830379781
0.3554604604604605;-0.0021027126424387503;57.983252646375874;0.0;0.0;120823.35822391996
0.3555215215215215;-0.0020664549623567955;57.03193509723892;0.0;0.0;120679.52210453508
0.3555825825825826;-0.0020301966558332906;56.07814108105229;0.0;0.0;120538.25743748457
0.35564364364364365;-0.001993937725616428;55.121907242890885;0.0;0.0;120399.56175702946
0.3557047047047047;-0.0019576781744383254;54.16327056939588;0.0;0.0;120263.43263996317
0.3557657657657658;-0.0019214180050151578;53.20226838464418;0.0;0.0;120129.86770572118
0.3558268268268268;-0.001885157220047317;52.23893834592178;0.0;0.0;119998.86461649003
0.3558878878878879;-0.0018488958222193912;51.273318439396945;0.0;0.0;119870.42107731393
0.35594894894894896;-0.0018126338142004858;50.305446975707746;0.0;0.0;119744.53483620052
0.35601001001001004;-0.0017763711986441889;49.33536258544628;0.0;0.0;119621.20368422402
0.35607107107107105;-0.0017401079781887564;48.36310421455566;0.0;0.0;119500.4254556277
0.35613213213213213;-0.0017038441554571026;47.38871111962994;0.0;0.0;119382.19802792351
0.3561931931931932;-0.0016675797330570872;46.41222286313104;0.0;0.0;119266.51932199117
0.3562542542542543;-0.0016313147135815038;45.433679308507706;0.0;0.0;119153.38730217444
0.3563153153153153;-0.001595049099608261;44.45312061523086;0.0;0.0;119042.79997637623
0.35637637637637637;-0.001558782893700343;43.47058723373512;0.0;0.0;118934.75539615212
0.35643743743743744;-0.0015225160984061188;42.48611990028366;0.0;0.0;118829.2516568012
0.3564984984984985;-0.0014862487162593274;41.499759631738634;0.0;0.0;118726.28689745627
0.35655955955955954;-0.0014499807497792285;40.51154772025238;0.0;0.0;118625.8593011713
0.3566206206206206;-0.0014137122014705864;39.52152572787116;0.0;0.0;118527.96709500751
0.3566816816816817;-0.0013774430738239748;38.5297354810666;0.0;0.0;118432.60855011723
0.35674274274274276;-0.001341173369315733;37.536219065177406;0.0;0.0;118339.7819818269
0.35680380380380383;-0.0013049030904081062;36.54101881877787;0.0;0.0;118249.48574971646
0.35686486486486485;-0.0012686322395493886;35.54417732796927;0.0;0.0;118161.71825769862
0.3569259259259259;-0.001232360819173873;34.54573742059044;0.0;0.0;118076.4779540952
0.356986986986987;-0.0011960888317021597;33.54574216036448;0.0;0.0;117993.76333171193
0.3570480480480481;-0.0011598162795411133;32.544234840963185;0.0;0.0;117913.57292791113
0.3571091091091091;-0.00112354316508404;31.54125898000702;0.0;0.0;117835.90532468264
0.35717017017017016;-0.0010872694907106343;30.53685831298949;0.0;0.0;117760.75914871262
0.35723123123123124;-0.0010509952587872777;29.531076787144098;0.0;0.0;117688.13307145082
0.3572922922922923;-0.0010147204716670138;28.523958555236565;0.0;0.0;117618.02580917528
0.3573533533533534;-0.0009784451316896534;27.51554796929696;0.0;0.0;117550.43612305535
0.3574144144144144;-0.0009421692411819122;26.50588957429055;0.0;0.0;117485.36281921306
0.3574754754754755;-0.0009058928024573785;25.49502810172389;0.0;0.0;117422.80474878174
0.35753653653653655;-0.0008696158178167836;24.483008463200925;0.0;0.0;117362.76080796345
0.35759759759759757;-0.0008333382895480061;23.469875743915352;0.0;0.0;117305.22993808365
0.35765865865865865;-0.0007970602199260573;22.45567519608781;0.0;0.0;117250.21112564468
0.3577197197197197;-0.0007607816112133787;21.440452232359522;0.0;0.0;117197.70340237617
0.3577807807807808;-0.0007245024656597807;20.42425241912514;0.0;0.0;117147.70584528446
0.35784184184184187;-0.0006882227855025723;19.407121469822588;0.0;0.0;117100.21757669921
0.3579029029029029;-0.000651942572966689;18.389105238176302;0.0;0.0;117055.2377643185
0.35796396396396396;-0.0006156618302646309;17.370249711390805;0.0;0.0;117012.76562125128
0.35802502502502503;-0.0005793805595967521;16.35060100331178;0.0;0.0;116972.80040605854
0.3580860860860861;-0.0005430987631512242;15.330205347537918;0.0;0.0;116935.34142279153
0.3581471471471471;-0.0005068164431041672;14.30910909049929;0.0;0.0;116900.38802102846
0.3582082082082082;-0.00047053360161961126;13.28735868449514;0.0;0.0;116867.93959590918
0.3582692692692693;-0.00043425024084978387;12.26500068070715;0.0;0.0;116837.99558816722
0.35833033033033035;-0.0003979663629350433;11.242081722171156;0.0;0.0;116810.5554841605
0.3583913913913914;-0.0003616819700040015;10.218648536724965;0.0;0.0;116785.61881589919
0.35845245245245244;-0.0003253970641736455;9.194747929929036;0.0;0.0;116763.18516107198
0.3585135135135135;-0.0002891116475492695;8.170426777956989;0.0;0.0;116743.25414306988
0.3585745745745746;-0.0002528257222247586;7.145732020473452;0.0;0.0;116725.82543100849
0.35863563563563566;-0.0002165392902825454;6.120710653482434;0.0;0.0;116710.89873974709
0.3586966966966967;-0.00018025235379373557;5.095409722162379;0.0;0.0;116698.47382990696
0.35875775775775776;-0.0001439649148180664;4.069876313680819;0.0;0.0;116688.55050788642
0.35881881881881883;-0.00010767697540417325;3.044157550004288;0.0;0.0;116681.12862587465
0.3588798798798799;-7.138853758954677e-05;2.0183005806883947;0.0;0.0;116676.20808186242
0.3589409409409409;-3.509960340065591e-05;0.9923525756637448;0.0;0.0;116673.78881965183
0.359002002002002;0;0.0;0.0;0.0;116673.78881965183
0.35906306306306307;0;0.0;0.0;0.0;116673.78881965183
0.35912412412412414;0;0.0;0.0;0.0;116673.78881965183
0.35918518518518516;0;0.0;0.0;0.0;116673.78881965183
0.35924624624624624;0;0.0;0.0;0.0;116673.78881965183
0.3593073073073073;0;0.0;0.0;0.0;116673.78881965183
0.3593683683683684;-5.049697414493221e-05;1.4277047398390323;0.0;0.0;116670.30830913401
0.35942942942942946;-0.0002137345471188586;6.043477957567337;0.0;0.0;116655.5769561625
0.3594904904904905;-0.00036985810140906277;10.45960166037268;0.0;0.0;116630.08626249743
0.35955155155155155;-0.0005188676370158284;14.676811462298815;0.0;0.0;116594.32848489312
0.3596126126126126;-0.0006607631539390106;18.695716552779125;0.0;0.0;116548.79650915922
0.3596736736736737;-0.0007955446521786094;22.51680590289038;0.0;0.0;116493.98373017518
0.3597347347347347;-0.0009232121317345117;26.14045433956807;0.0;0.0;116430.38393781664
0.3597957957957958;-0.0010437655926069495;29.56692850737055;0.0;0.0;116358.49120875938
0.35985685685685687;-0.001157205034795804;32.79639273613583;0.0;0.0;116278.799804131
0.35991791791791794;-0.0012635304583010747;35.8289148319065;0.0;0.0;116191.80407298502
0.35997897897897896;-0.001362741863122675;38.66447180734386;0.0;0.0;116097.99836157978
0.36004004004004003;-0.0014548392492607853;41.30295556694514;0.0;0.0;115997.87692844555
0.3601011011011011;-0.001539822616715312;43.744178561342395;0.0;0.0;115891.93386523139
0.3601621621621622;-0.0016176919654862546;45.987879424122156;0.0;0.0;115780.66302332334
0.3602232232232232;-0.0016884472955735533;48.03372860360211;0.0;0.0;115664.55794623333
0.3602842842842843;-0.0017520886069773358;49.88133400117202;0.0;0.0;115544.11180775848
0.36034534534534535;-0.0018086158996975345;51.530246626863374;0.0;0.0;115419.81735591641
0.3604064064064064;-0.0018580291737341494;52.97996628199453;0.0;0.0;115292.16686266202
0.3604674674674675;-0.0019003284290871815;54.22994727779012;0.0;0.0;115161.65207939665
0.3605285285285285;-0.0019355136657566011;55.27960419802004;0.0;0.0;115028.7641982828
0.3605895895895896;-0.0019635848837424716;56.128317712798676;0.0;0.0;114893.99381937664
0.36065065065065066;-0.001984542083044759;56.775440449752665;0.0;0.0;114757.83092359659
0.36071171171171174;-0.0019983852636634627;57.22030292786826;0.0;0.0;114620.76485154477
0.36077277277277275;-0.002005114425598581;57.462219558347336;0.0;0.0;114483.28428820075
0.36083383383383383;-0.002004729568850124;57.50049471584892;0.0;0.0;114345.87725350758
0.3608948948948949;-0.0019972306934180834;57.33442888248906;0.0;0.0;114209.0310988713
0.360955955955956;-0.0019826177993024596;56.963324865955826;0.0;0.0;114073.23250959447
0.36101701701701705;-0.001960890886503252;56.38649409204293;0.0;0.0;113938.96751326557
0.36107807807807807;-0.0019320499550204906;55.603262970834635;0.0;0.0;113806.72149412562
0.36113913913913914;-0.0018960950048541225;54.612979334666385;0.0;0.0;113676.97921343113
0.3612002002002002;-0.0018530260360041708;53.41501894487227;0.0;0.0;113550.2248358353
0.36126126126126124;-0.0018028430484706844;52.008792063152285;0.0;0.0;113426.94196180477
0.3613223223223223;-0.0017455460422535721;50.393750082230646;0.0;0.0;113307.61366608871
0.3613833833833834;-0.0016811350173528761;48.569392209290214;0.0;0.0;113192.72254225682
0.36144444444444446;-0.0016096099737685965;46.53527219441018;0.0;0.0;113082.75075331877
0.36150550550550553;-0.0015309709115007336;44.291005095047126;0.0;0.0;112978.18008843572
0.36156656656656655;-0.0014452178305493684;41.83627406633243;0.0;0.0;112879.4920257325
0.3616276276276276;-0.0013523507309143447;39.170837165705876;0.0;0.0;112787.16780121512
0.3616886886886887;-0.001252369612595737;36.29453415920425;0.0;0.0;112701.6884837948
0.36174974974974977;-0.0011452744755935467;33.20729331540546;0.0;0.0;112623.53505641663
0.3618108108108108;-0.001031065319907879;29.909138171884237;0.0;0.0;112553.18850328615
0.36187187187187186;-0.0009097421455385278;26.4001942577635;0.0;0.0;112491.12990318374
0.36193293293293294;-0.0007813049524855925;22.680695754850206;0.0;0.0;112437.84052885002
0.361993993993994;-0.0006457537407490743;18.75099207860194;0.0;0.0;112393.80195242296
0.3620550550550551;-0.0005030885103289718;14.611554359187288;0.0;0.0;112359.49615689933
0.3621161161161161;-0.0003533092612254257;10.262981801816565;0.0;0.0;112335.4056535902
0.3621771771771772;-0.00019641599343816254;5.7060079045505505;0.0;0.0;112322.0136055316
0.36223823823823825;-3.24087069673158e-05;0.9415065109950783;0.0;0.0;112319.80395680726
0.3622992992992993;0;0.0;0.0;0.0;112319.80395680726
0.36236036036036035;0;0.0;0.0;0.0;112319.80395680726
0.3624214214214214;0;0.0;0.0;0.0;112319.80395680726
0.3624824824824825;0;0.0;0.0;0.0;112319.80395680726
0.36254354354354357;0;0.0;0.0;0.0;112319.80395680726
0.3626046046046046;0;0.0;0.0;0.0;112319.80395680726
0.36266566566566566;0;0.0;0.0;0.0;112319.80395680726
0.36272672672672673;-1.3259638223624367e-05;0.3852084412758416;0.0;0.0;112318.89990880912
0.3627877877877878;-0.00012754836221957858;3.70563829378419;0.0;0.0;112310.20371125292
0.3628488488488488;-0.00023089444385075532;6.708804013455611;0.0;0.0;112294.46190753495
0.3629099099099099;-0.0003232978831173424;9.394969530227815;0.0;0.0;112272.42132866492
0.362970970970971;-0.0004047586800192411;11.764268645803243;0.0;0.0;112244.82896669034
0.36303203203203205;-0.00047527683455645113;13.816720043392571;0.0;0.0;112212.43186226972
0.3630930930930931;-0.0005348523467289727;15.552242242814078;0.0;0.0;112175.97700637301
0.36315415415415414;-0.0005834852165367665;16.97066852915633;0.0;0.0;112136.21125610205
0.3632152152152152;-0.0006211754439799211;18.071761879242654;0.0;0.0;112093.88126462503
0.3632762762762763;-0.000647923029058387;18.855229906178106;0.0;0.0;112049.73342522974
0.36333733733733736;-0.0006637279717721644;19.320739838376333;0.0;0.0;112004.51382950389
0.3633983983983984;-0.0006685902721212541;19.467933545481696;0.0;0.0;111958.96823965316
0.36345945945945946;-0.0006625099301056643;19.29644261967586;0.0;0.0;111913.84207497304
0.36352052052052053;-0.0006454869457253863;18.805903516865012;0.0;0.0;111869.88041249034
0.3635815815815816;-0.0006175213189804196;17.995972758234586;0.0;0.0;111827.8280017913
0.3636426426426427;-0.0005786130498707644;16.866342188605724;0.0;0.0;111788.4292940527
0.3637037037037037;-0.0005287621383964709;15.4167542839517;0.0;0.0;111752.42848529144
0.36376476476476477;-0.0004679685845574486;13.64701749631266;0.0;0.0;111720.56957384245
0.36382582582582584;-0.000396232388353738;11.557021620246173;0.0;0.0;111693.59643207502
0.36388688688688686;-0.0003135535497854187;9.146753160767819;0.0;0.0;111672.25289234816
0.36394794794794794;-0.00021993206885234098;6.416310678631241;0.0;0.0;111657.28284720262
0.364009009009009;-0.00011536794555457451;3.3659200847056874;0.0;0.0;111649.43036377693
0.3640700700700701;0;0.0;0.0;0.0;111649.43036377693
0.36413113113113116;0;0.0;0.0;0.0;111649.43036377693
0.3641921921921922;0;0.0;0.0;0.0;111649.43036377693
0.36425325325325325;0;0.0;0.0;0.0;111649.43036377693
0.3643143143143143;0;0.0;0.0;0.0;111649.43036377693
0.3643753753753754;0;0.0;0.0;0.0;111649.43036377693
0.3644364364364364;0;0.0;0.0;0.0;111649.43036377693
0.3644974974974975;0;0.0;0.0;0.0;111649.43036377693
0.36455855855855857;0;0.0;0.0;0.0;111649.43036377693
0.36461961961961964;0;0.0;0.0;0.0;111649.43036377693
0.3646806806806807;0;0.0;0.0;0.0;111649.43036377693
0.36474174174174173;0;0.0;0.0;0.0;111649.43036377693
0.3648028028028028;0;0.0;0.0;0.0;111649.43036377693
0.3648638638638639;0;0.0;0.0;0.0;111649.43036377693
0.3649249249249249;0;0.0;0.0;0.0;111649.43036377693
0.364985985985986;0;0.0;0.0;0.0;111649.43036377693
0.36504704704704705;0;0.0;0.0;0.0;111649.43036377693
0.3651081081081081;0;0.0;0.0;0.0;111649.43036377693
0.3651691691691692;0;0.0;0.0;0.0;111649.43036377693
0.3652302302302302;0;0.0;0.0;0.0;111649.43036377693
0.3652912912912913;0;0.0;0.0;0.0;111649.43036377693
0.36535235235235236;0;0.0;0.0;0.0;111649.43036377693
0.36541341341341343;0;0.0;0.0;0.0;111649.43036377693
0.36547447447447445;0;0.0;0.0;0.0;111649.43036377693
0.3655355355355355;0;0.0;0.0;0.0;111649.43036377693
0.3655965965965966;0;0.0;0.0;0.0;111649.43036377693
0.3656576576576577;0;0.0;0.0;0.0;111649.43036377693
0.36571871871871875;0;0.0;0.0;0.0;111649.43036377693
0.36577977977977977;0;0.0;0.0;0.0;111649.43036377693
0.36584084084084084;0;0.0;0.0;0.0;111649.43036377693
0.3659019019019019;0;0.0;0.0;0.0;111649.43036377693
0.365962962962963;0;0.0;0.0;0.0;111649.43036377693
0.366024024024024;0;0.0;0.0;0.0;111649.43036377693
0.3660850850850851;0;0.0;0.0;0.0;111649.43036377693
0.36614614614614616;0;0.0;0.0;0.0;111649.43036377693
0.36620720720720723;0;0.0;0.0;0.0;111649.43036377693
0.36626826826826825;0;0.0;0.0;0.0;111649.43036377693
0.3663293293293293;0;0.0;0.0;0.0;111649.43036377693
0.3663903903903904;0;0.0;0.0;0.0;111649.43036377693
0.36645145145145147;0;0.0;0.0;0.0;111649.43036377693
0.3665125125125125;0;0.0;0.0;0.0;111649.43036377693
0.36657357357357356;0;0.0;0.0;0.0;111649.43036377693
0.36663463463463464;0;0.0;0.0;0.0;111649.43036377693
0.3666956956956957;0;0.0;0.0;0.0;111649.43036377693
0.3667567567567568;0;0.0;0.0;0.0;111649.43036377693
0.3668178178178178;0;0.0;0.0;0.0;111649.43036377693
0.3668788788788789;0;0.0;0.0;0.0;111649.43036377693
0.36693993993993995;0;0.0;0.0;0.0;111649.43036377693
0.367001001001001;0;0.0;0.0;0.0;111649.43036377693
0.36706206206206204;0;0.0;0.0;0.0;111649.43036377693
0.3671231231231231;0;0.0;0.0;0.0;111649.43036377693
0.3671841841841842;0;0.0;0.0;0.0;111649.43036377693
0.36724524524524527;0;0.0;0.0;0.0;111649.43036377693
0.36730630630630634;0;0.0;0.0;0.0;111649.43036377693
0.36736736736736736;0;0.0;0.0;0.0;111649.43036377693
0.36742842842842843;0;0.0;0.0;0.0;111649.43036377693
0.3674894894894895;0;0.0;0.0;0.0;111649.43036377693
0.3675505505505505;0;0.0;0.0;0.0;111649.43036377693
0.3676116116116116;0;0.0;0.0;0.0;111649.43036377693
0.3676726726726727;0;0.0;0.0;0.0;111649.43036377693
0.36773373373373375;0;0.0;0.0;0.0;111649.43036377693
0.3677947947947948;0;0.0;0.0;0.0;111649.43036377693
0.36785585585585584;0;0.0;0.0;0.0;111649.43036377693
0.3679169169169169;0;0.0;0.0;0.0;111649.43036377693
0.367977977977978;0;0.0;0.0;0.0;111649.43036377693
0.36803903903903906;0;0.0;0.0;0.0;111649.43036377693
0.3681001001001001;0;0.0;0.0;0.0;111649.43036377693
0.36816116116116115;0;0.0;0.0;0.0;111649.43036377693
0.36822222222222223;0;0.0;0.0;0.0;111649.43036377693
0.3682832832832833;0;0.0;0.0;0.0;111649.43036377693
0.3683443443443444;0;0.0;0.0;0.0;111649.43036377693
0.3684054054054054;0;0.0;0.0;0.0;111649.43036377693
0.36846646646646647;0;0.0;0.0;0.0;111649.43036377693
0.36852752752752754;0;0.0;0.0;0.0;111649.43036377693
0.36858858858858856;0;0.0;0.0;0.0;111649.43036377693
0.36864964964964964;0;0.0;0.0;0.0;111649.43036377693
0.3687107107107107;0;0.0;0.0;0.0;111649.43036377693
0.3687717717717718;0;0.0;0.0;0.0;111649.43036377693
0.36883283283283286;0;0.0;0.0;0.0;111649.43036377693
0.3688938938938939;0;0.0;0.0;0.0;111649.43036377693
0.36895495495495495;0;0.0;0.0;0.0;111649.43036377693
0.369016016016016;0;0.0;0.0;0.0;111649.43036377693
0.3690770770770771;0;0.0;0.0;0.0;111649.43036377693
0.3691381381381381;0;0.0;0.0;0.0;111649.43036377693
0.3691991991991992;0;0.0;0.0;0.0;111649.43036377693
0.36926026026026026;0;0.0;0.0;0.0;111649.43036377693
0.36932132132132134;0;0.0;0.0;0.0;111649.43036377693
0.3693823823823824;0;0.0;0.0;0.0;111649.43036377693
0.36944344344344343;0;0.0;0.0;0.0;111649.43036377693
0.3695045045045045;0;0.0;0.0;0.0;111649.43036377693
0.3695655655655656;0;0.0;0.0;0.0;111649.43036377693
0.36962662662662665;0;0.0;0.0;0.0;111649.43036377693
0.36968768768768767;0;0.0;0.0;0.0;111649.43036377693
0.36974874874874875;0;0.0;0.0;0.0;111649.43036377693
0.3698098098098098;0;0.0;0.0;0.0;111649.43036377693
0.3698708708708709;0;0.0;0.0;0.0;111649.43036377693
0.3699319319319319;0;0.0;0.0;0.0;111649.43036377693
0.369992992992993;0;0.0;0.0;0.0;111649.43036377693
0.37005405405405406;0;0.0;0.0;0.0;111649.43036377693
0.37011511511511513;0;0.0;0.0;0.0;111649.43036377693
0.37017617617617615;0;0.0;0.0;0.0;111649.43036377693
0.3702372372372372;0;0.0;0.0;0.0;111649.43036377693
0.3702982982982983;0;0.0;0.0;0.0;111649.43036377693
0.3703593593593594;0;0.0;0.0;0.0;111649.43036377693
0.37042042042042045;0;0.0;0.0;0.0;111649.43036377693
0.37048148148148147;0;0.0;0.0;0.0;111649.43036377693
0.37054254254254254;0;0.0;0.0;0.0;111649.43036377693
0.3706036036036036;0;0.0;0.0;0.0;111649.43036377693
0.3706646646646647;0;0.0;0.0;0.0;111649.43036377693
0.3707257257257257;0;0.0;0.0;0.0;111649.43036377693
0.3707867867867868;0;0.0;0.0;0.0;111649.43036377693
0.37084784784784786;0;0.0;0.0;0.0;111649.43036377693
0.37090890890890893;0;0.0;0.0;0.0;111649.43036377693
0.37096996996997;0;0.0;0.0;0.0;111649.43036377693
0.371031031031031;0;0.0;0.0;0.0;111649.43036377693
0.3710920920920921;0;0.0;0.0;0.0;111649.43036377693
0.37115315315315317;0;0.0;0.0;0.0;111649.43036377693
0.3712142142142142;0;0.0;0.0;0.0;111649.43036377693
0.37127527527527526;0;0.0;0.0;0.0;111649.43036377693
0.37133633633633634;0;0.0;0.0;0.0;111649.43036377693
0.3713973973973974;0;0.0;0.0;0.0;111649.43036377693
0.3714584584584585;0;0.0;0.0;0.0;111649.43036377693
0.3715195195195195;0;0.0;0.0;0.0;111649.43036377693
0.3715805805805806;0;0.0;0.0;0.0;111649.43036377693
0.37164164164164165;0;0.0;0.0;0.0;111649.43036377693
0.3717027027027027;0;0.0;0.0;0.0;111649.43036377693
0.37176376376376374;0;0.0;0.0;0.0;111649.43036377693
0.3718248248248248;0;0.0;0.0;0.0;111649.43036377693
0.3718858858858859;0;0.0;0.0;0.0;111649.43036377693
0.37194694694694697;0;0.0;0.0;0.0;111649.43036377693
0.37200800800800804;0;0.0;0.0;0.0;111649.43036377693
0.37206906906906906;0;0.0;0.0;0.0;111649.43036377693
0.37213013013013013;0;0.0;0.0;0.0;111649.43036377693
0.3721911911911912;0;0.0;0.0;0.0;111649.43036377693
0.3722522522522523;0;0.0;0.0;0.0;111649.43036377693
0.3723133133133133;0;0.0;0.0;0.0;111649.43036377693
0.3723743743743744;0;0.0;0.0;0.0;111649.43036377693
0.37243543543543545;0;0.0;0.0;0.0;111649.43036377693
0.3724964964964965;0;0.0;0.0;0.0;111649.43036377693
0.37255755755755754;0;0.0;0.0;0.0;111649.43036377693
0.3726186186186186;0;0.0;0.0;0.0;111649.43036377693
0.3726796796796797;0;0.0;0.0;0.0;111649.43036377693
0.37274074074074076;0;0.0;0.0;0.0;111649.43036377693
0.3728018018018018;0;0.0;0.0;0.0;111649.43036377693
0.37286286286286285;0;0.0;0.0;0.0;111649.43036377693
0.37292392392392393;0;0.0;0.0;0.0;111649.43036377693
0.372984984984985;0;0.0;0.0;0.0;111649.43036377693
0.3730460460460461;0;0.0;0.0;0.0;111649.43036377693
0.3731071071071071;0;0.0;0.0;0.0;111649.43036377693
0.37316816816816817;0;0.0;0.0;0.0;111649.43036377693
0.37322922922922924;0;0.0;0.0;0.0;111649.43036377693
0.3732902902902903;0;0.0;0.0;0.0;111649.43036377693
0.37335135135135133;0;0.0;0.0;0.0;111649.43036377693
0.3734124124124124;0;0.0;0.0;0.0;111649.43036377693
0.3734734734734735;0;0.0;0.0;0.0;111649.43036377693
0.37353453453453456;0;0.0;0.0;0.0;111649.43036377693
0.37359559559559563;0;0.0;0.0;0.0;111649.43036377693
0.37365665665665665;0;0.0;0.0;0.0;111649.43036377693
0.3737177177177177;0;0.0;0.0;0.0;111649.43036377693
0.3737787787787788;0;0.0;0.0;0.0;111649.43036377693
0.3738398398398398;0;0.0;0.0;0.0;111649.43036377693
0.3739009009009009;0;0.0;0.0;0.0;111649.43036377693
0.37396196196196196;0;0.0;0.0;0.0;111649.43036377693
0.37402302302302304;0;0.0;0.0;0.0;111649.43036377693
0.3740840840840841;0;0.0;0.0;0.0;111649.43036377693
0.37414514514514513;0;0.0;0.0;0.0;111649.43036377693
0.3742062062062062;0;0.0;0.0;0.0;111649.43036377693
0.3742672672672673;0;0.0;0.0;0.0;111649.43036377693
0.37432832832832835;0;0.0;0.0;0.0;111649.43036377693
0.37438938938938937;0;0.0;0.0;0.0;111649.43036377693
0.37445045045045044;0;0.0;0.0;0.0;111649.43036377693
0.3745115115115115;0;0.0;0.0;0.0;111649.43036377693
0.3745725725725726;0;0.0;0.0;0.0;111649.43036377693
0.37463363363363367;0;0.0;0.0;0.0;111649.43036377693
0.3746946946946947;0;0.0;0.0;0.0;111649.43036377693
0.37475575575575576;0;0.0;0.0;0.0;111649.43036377693
0.37481681681681683;0;0.0;0.0;0.0;111649.43036377693
0.37487787787787785;0;0.0;0.0;0.0;111649.43036377693
0.3749389389389389;0;0.0;0.0;0.0;111649.43036377693
0.375;0;0.0;0.0;0.0;111649.43036377693
